source_name,object_name,chapter,chapter_name,assembly_priority,parent,is_fastener,identification_confidence,note
Part8,101_Cylinder_Block_01,1,Block_and_Crankshaft,101,100_Chapter_01_Block_and_Crankshaft,False,geometry_supported,"Identified from CAD name, shape, and installed location."
ISO 3030 11 C - 45 x 50 x 10,102_Crankshaft_Needle_Bearing_45x50x10_01,1,Block_and_Crankshaft,102,100_Chapter_01_Block_and_Crankshaft,False,geometry_supported,"Identified from CAD name, shape, and installed location."
ISO 3030 11 C - 60 x 66 x 12,102_Crankshaft_Needle_Bearing_60x66x12_01,1,Block_and_Crankshaft,102,100_Chapter_01_Block_and_Crankshaft,False,geometry_supported,"Identified from CAD name, shape, and installed location."
Part10,102_Upper_Main_Bearing_Shell_01,1,Block_and_Crankshaft,102,100_Chapter_01_Block_and_Crankshaft,False,geometry_supported,"Identified from CAD name, shape, and installed location."
Part10.001,102_Upper_Main_Bearing_Shell_02,1,Block_and_Crankshaft,102,100_Chapter_01_Block_and_Crankshaft,False,geometry_supported,"Identified from CAD name, shape, and installed location."
Part10.002,102_Upper_Main_Bearing_Shell_03,1,Block_and_Crankshaft,102,100_Chapter_01_Block_and_Crankshaft,False,geometry_supported,"Identified from CAD name, shape, and installed location."
Part10.003,102_Upper_Main_Bearing_Shell_04,1,Block_and_Crankshaft,102,100_Chapter_01_Block_and_Crankshaft,False,geometry_supported,"Identified from CAD name, shape, and installed location."
Part1,103_Crankshaft_01,1,Block_and_Crankshaft,103,100_Chapter_01_Block_and_Crankshaft,False,geometry_supported,"Identified from CAD name, shape, and installed location."
Part6,201_Piston_Cyl01_01,2,Pistons_and_Connecting_Rods,201,200_Cylinder_01,False,geometry_supported,"Identified from CAD name, shape, and installed location."
Part6.001,201_Piston_Cyl02_01,2,Pistons_and_Connecting_Rods,201,200_Cylinder_02,False,geometry_supported,"Identified from CAD name, shape, and installed location."
Part6.002,201_Piston_Cyl03_01,2,Pistons_and_Connecting_Rods,201,200_Cylinder_03,False,geometry_supported,"Identified from CAD name, shape, and installed location."
Part3.002,202_Connecting_Rod_Cyl01_01,2,Pistons_and_Connecting_Rods,202,200_Cylinder_01,False,geometry_supported,"Identified from CAD name, shape, and installed location."
Part3.001,202_Connecting_Rod_Cyl02_01,2,Pistons_and_Connecting_Rods,202,200_Cylinder_02,False,geometry_supported,"Identified from CAD name, shape, and installed location."
Part3,202_Connecting_Rod_Cyl03_01,2,Pistons_and_Connecting_Rods,202,200_Cylinder_03,False,geometry_supported,"Identified from CAD name, shape, and installed location."
ISO 8734 12 x 55 - A,203_Piston_Wrist_Pin_Cyl01_01,2,Pistons_and_Connecting_Rods,203,200_Cylinder_01,False,geometry_supported,"Identified from CAD name, shape, and installed location."
ISO 8734 12 x 55 - A.001,203_Piston_Wrist_Pin_Cyl02_01,2,Pistons_and_Connecting_Rods,203,200_Cylinder_02,False,geometry_supported,"Identified from CAD name, shape, and installed location."
ISO 8734 12 x 55 - A.002,203_Piston_Wrist_Pin_Cyl03_01,2,Pistons_and_Connecting_Rods,203,200_Cylinder_03,False,geometry_supported,"Identified from CAD name, shape, and installed location."
Part7.002,204_Oil_Control_Ring_Cyl01_01,2,Pistons_and_Connecting_Rods,204,200_Cylinder_01,False,geometry_supported,"Identified from CAD name, shape, and installed location."
Part7.005,204_Oil_Control_Ring_Cyl02_01,2,Pistons_and_Connecting_Rods,204,200_Cylinder_02,False,geometry_supported,"Identified from CAD name, shape, and installed location."
Part7.008,204_Oil_Control_Ring_Cyl03_01,2,Pistons_and_Connecting_Rods,204,200_Cylinder_03,False,geometry_supported,"Identified from CAD name, shape, and installed location."
Part7.001,204_Second_Compression_Ring_Cyl01_01,2,Pistons_and_Connecting_Rods,204,200_Cylinder_01,False,geometry_supported,"Identified from CAD name, shape, and installed location."
Part7.004,204_Second_Compression_Ring_Cyl02_01,2,Pistons_and_Connecting_Rods,204,200_Cylinder_02,False,geometry_supported,"Identified from CAD name, shape, and installed location."
Part7.007,204_Second_Compression_Ring_Cyl03_01,2,Pistons_and_Connecting_Rods,204,200_Cylinder_03,False,geometry_supported,"Identified from CAD name, shape, and installed location."
Part7,204_Top_Compression_Ring_Cyl01_01,2,Pistons_and_Connecting_Rods,204,200_Cylinder_01,False,geometry_supported,"Identified from CAD name, shape, and installed location."
Part7.003,204_Top_Compression_Ring_Cyl02_01,2,Pistons_and_Connecting_Rods,204,200_Cylinder_02,False,geometry_supported,"Identified from CAD name, shape, and installed location."
Part7.006,204_Top_Compression_Ring_Cyl03_01,2,Pistons_and_Connecting_Rods,204,200_Cylinder_03,False,geometry_supported,"Identified from CAD name, shape, and installed location."
JIS B 2804 12x1.004,205_Wrist_Pin_Circlip_Cyl01_01,2,Pistons_and_Connecting_Rods,205,200_Cylinder_01,False,geometry_supported,"Identified from CAD name, shape, and installed location."
JIS B 2804 12x1.005,205_Wrist_Pin_Circlip_Cyl01_02,2,Pistons_and_Connecting_Rods,205,200_Cylinder_01,False,geometry_supported,"Identified from CAD name, shape, and installed location."
JIS B 2804 12x1.001,205_Wrist_Pin_Circlip_Cyl02_01,2,Pistons_and_Connecting_Rods,205,200_Cylinder_02,False,geometry_supported,"Identified from CAD name, shape, and installed location."
JIS B 2804 12x1.003,205_Wrist_Pin_Circlip_Cyl02_02,2,Pistons_and_Connecting_Rods,205,200_Cylinder_02,False,geometry_supported,"Identified from CAD name, shape, and installed location."
JIS B 2804 12x1,205_Wrist_Pin_Circlip_Cyl03_01,2,Pistons_and_Connecting_Rods,205,200_Cylinder_03,False,geometry_supported,"Identified from CAD name, shape, and installed location."
JIS B 2804 12x1.002,205_Wrist_Pin_Circlip_Cyl03_02,2,Pistons_and_Connecting_Rods,205,200_Cylinder_03,False,geometry_supported,"Identified from CAD name, shape, and installed location."
Part5.002,206_Connecting_Rod_Big_End_Cap_Cyl01_01,2,Pistons_and_Connecting_Rods,206,200_Cylinder_01,False,geometry_supported,"Identified from CAD name, shape, and installed location."
Part5.001,206_Connecting_Rod_Big_End_Cap_Cyl02_01,2,Pistons_and_Connecting_Rods,206,200_Cylinder_02,False,geometry_supported,"Identified from CAD name, shape, and installed location."
Part5,206_Connecting_Rod_Big_End_Cap_Cyl03_01,2,Pistons_and_Connecting_Rods,206,200_Cylinder_03,False,geometry_supported,"Identified from CAD name, shape, and installed location."
JIS B 1170 Class 1 (High Type) M 8.002,290_Nut_JIS_B_1170_Class_1_High_Type_M_8_Cyl01_01,2,Pistons_and_Connecting_Rods,290,200_Cylinder_01,True,geometry_supported,"Identified from CAD name, shape, and installed location."
JIS B 1170 Class 1 (High Type) M 8.003,290_Nut_JIS_B_1170_Class_1_High_Type_M_8_Cyl01_02,2,Pistons_and_Connecting_Rods,290,200_Cylinder_01,True,geometry_supported,"Identified from CAD name, shape, and installed location."
JIS B 1170 Class 1 (High Type) M 8.004,290_Nut_JIS_B_1170_Class_1_High_Type_M_8_Cyl02_01,2,Pistons_and_Connecting_Rods,290,200_Cylinder_02,True,geometry_supported,"Identified from CAD name, shape, and installed location."
JIS B 1170 Class 1 (High Type) M 8.005,290_Nut_JIS_B_1170_Class_1_High_Type_M_8_Cyl02_02,2,Pistons_and_Connecting_Rods,290,200_Cylinder_02,True,geometry_supported,"Identified from CAD name, shape, and installed location."
JIS B 1170 Class 1 (High Type) M 8,290_Nut_JIS_B_1170_Class_1_High_Type_M_8_Cyl03_01,2,Pistons_and_Connecting_Rods,290,200_Cylinder_03,True,geometry_supported,"Identified from CAD name, shape, and installed location."
JIS B 1170 Class 1 (High Type) M 8.001,290_Nut_JIS_B_1170_Class_1_High_Type_M_8_Cyl03_02,2,Pistons_and_Connecting_Rods,290,200_Cylinder_03,True,geometry_supported,"Identified from CAD name, shape, and installed location."
JIS B 1173 - Metric M8x50.004,290_Stud_JIS_B_1173_Metric_M8x50_Cyl01_01,2,Pistons_and_Connecting_Rods,290,200_Cylinder_01,True,geometry_supported,"Identified from CAD name, shape, and installed location."
JIS B 1173 - Metric M8x50.005,290_Stud_JIS_B_1173_Metric_M8x50_Cyl01_02,2,Pistons_and_Connecting_Rods,290,200_Cylinder_01,True,geometry_supported,"Identified from CAD name, shape, and installed location."
JIS B 1173 - Metric M8x50.002,290_Stud_JIS_B_1173_Metric_M8x50_Cyl02_01,2,Pistons_and_Connecting_Rods,290,200_Cylinder_02,True,geometry_supported,"Identified from CAD name, shape, and installed location."
JIS B 1173 - Metric M8x50.003,290_Stud_JIS_B_1173_Metric_M8x50_Cyl02_02,2,Pistons_and_Connecting_Rods,290,200_Cylinder_02,True,geometry_supported,"Identified from CAD name, shape, and installed location."
JIS B 1173 - Metric M8x50,290_Stud_JIS_B_1173_Metric_M8x50_Cyl03_01,2,Pistons_and_Connecting_Rods,290,200_Cylinder_03,True,geometry_supported,"Identified from CAD name, shape, and installed location."
JIS B 1173 - Metric M8x50.001,290_Stud_JIS_B_1173_Metric_M8x50_Cyl03_02,2,Pistons_and_Connecting_Rods,290,200_Cylinder_03,True,geometry_supported,"Identified from CAD name, shape, and installed location."
Part10.004,301_Lower_Main_Bearing_Shell_01,3,Lower_Crankcase_and_Oil_Sump,301,300_Chapter_03_Lower_Crankcase_and_Oil_Sump,False,geometry_supported,"Identified from CAD name, shape, and installed location."
Part10.005,301_Lower_Main_Bearing_Shell_02,3,Lower_Crankcase_and_Oil_Sump,301,300_Chapter_03_Lower_Crankcase_and_Oil_Sump,False,geometry_supported,"Identified from CAD name, shape, and installed location."
Part10.006,301_Lower_Main_Bearing_Shell_03,3,Lower_Crankcase_and_Oil_Sump,301,300_Chapter_03_Lower_Crankcase_and_Oil_Sump,False,geometry_supported,"Identified from CAD name, shape, and installed location."
Part10.007,301_Lower_Main_Bearing_Shell_04,3,Lower_Crankcase_and_Oil_Sump,301,300_Chapter_03_Lower_Crankcase_and_Oil_Sump,False,geometry_supported,"Identified from CAD name, shape, and installed location."
Part9,302_Lower_Crankcase_Bedplate_01,3,Lower_Crankcase_and_Oil_Sump,302,300_Chapter_03_Lower_Crankcase_and_Oil_Sump,False,geometry_supported,"Identified from CAD name, shape, and installed location."
Part15,303_Oil_Sump_Baffle_Plate_01,3,Lower_Crankcase_and_Oil_Sump,303,300_Chapter_03_Lower_Crankcase_and_Oil_Sump,False,provisional,Plate inside sump; baffle function inferred.
Part14,304_Oil_Sump_01,3,Lower_Crankcase_and_Oil_Sump,304,300_Chapter_03_Lower_Crankcase_and_Oil_Sump,False,geometry_supported,"Identified from CAD name, shape, and installed location."
Part2,305_Flywheel_01,3,Lower_Crankcase_and_Oil_Sump,305,300_Chapter_03_Lower_Crankcase_and_Oil_Sump,False,geometry_supported,"Identified from CAD name, shape, and installed location."
Part4,306_Flywheel_Retaining_Plate_01,3,Lower_Crankcase_and_Oil_Sump,306,300_Chapter_03_Lower_Crankcase_and_Oil_Sump,False,geometry_supported,"Identified from CAD name, shape, and installed location."
ISO 4017 M10 x 20,390_Bolt_ISO_4017_M10_x_20_Fasteners_01,3,Lower_Crankcase_and_Oil_Sump,390,300_Fasteners,True,geometry_supported,"Identified from CAD name, shape, and installed location."
ISO 4017 M10 x 20.001,390_Bolt_ISO_4017_M10_x_20_Fasteners_02,3,Lower_Crankcase_and_Oil_Sump,390,300_Fasteners,True,geometry_supported,"Identified from CAD name, shape, and installed location."
ISO 4017 M10 x 20.002,390_Bolt_ISO_4017_M10_x_20_Fasteners_03,3,Lower_Crankcase_and_Oil_Sump,390,300_Fasteners,True,geometry_supported,"Identified from CAD name, shape, and installed location."
ISO 4017 M10 x 20.003,390_Bolt_ISO_4017_M10_x_20_Fasteners_04,3,Lower_Crankcase_and_Oil_Sump,390,300_Fasteners,True,geometry_supported,"Identified from CAD name, shape, and installed location."
ISO 4017 M10 x 20.004,390_Bolt_ISO_4017_M10_x_20_Fasteners_05,3,Lower_Crankcase_and_Oil_Sump,390,300_Fasteners,True,geometry_supported,"Identified from CAD name, shape, and installed location."
ISO 4017 M10 x 20.005,390_Bolt_ISO_4017_M10_x_20_Fasteners_06,3,Lower_Crankcase_and_Oil_Sump,390,300_Fasteners,True,geometry_supported,"Identified from CAD name, shape, and installed location."
ISO 4162 M10 x 100,390_Bolt_ISO_4162_M10_x_100_Fasteners_01,3,Lower_Crankcase_and_Oil_Sump,390,300_Fasteners,True,geometry_supported,"Identified from CAD name, shape, and installed location."
ISO 4162 M10 x 100.001,390_Bolt_ISO_4162_M10_x_100_Fasteners_02,3,Lower_Crankcase_and_Oil_Sump,390,300_Fasteners,True,geometry_supported,"Identified from CAD name, shape, and installed location."
ISO 4162 M10 x 100.002,390_Bolt_ISO_4162_M10_x_100_Fasteners_03,3,Lower_Crankcase_and_Oil_Sump,390,300_Fasteners,True,geometry_supported,"Identified from CAD name, shape, and installed location."
ISO 4162 M10 x 100.003,390_Bolt_ISO_4162_M10_x_100_Fasteners_04,3,Lower_Crankcase_and_Oil_Sump,390,300_Fasteners,True,geometry_supported,"Identified from CAD name, shape, and installed location."
ISO 4162 M10 x 100.004,390_Bolt_ISO_4162_M10_x_100_Fasteners_05,3,Lower_Crankcase_and_Oil_Sump,390,300_Fasteners,True,geometry_supported,"Identified from CAD name, shape, and installed location."
ISO 4162 M10 x 100.005,390_Bolt_ISO_4162_M10_x_100_Fasteners_06,3,Lower_Crankcase_and_Oil_Sump,390,300_Fasteners,True,geometry_supported,"Identified from CAD name, shape, and installed location."
ISO 4162 M10 x 100.006,390_Bolt_ISO_4162_M10_x_100_Fasteners_07,3,Lower_Crankcase_and_Oil_Sump,390,300_Fasteners,True,geometry_supported,"Identified from CAD name, shape, and installed location."
ISO 4162 M10 x 100.007,390_Bolt_ISO_4162_M10_x_100_Fasteners_08,3,Lower_Crankcase_and_Oil_Sump,390,300_Fasteners,True,geometry_supported,"Identified from CAD name, shape, and installed location."
ISO 4162 M10 x 100.008,390_Bolt_ISO_4162_M10_x_100_Fasteners_09,3,Lower_Crankcase_and_Oil_Sump,390,300_Fasteners,True,geometry_supported,"Identified from CAD name, shape, and installed location."
ISO 4162 M10 x 100.009,390_Bolt_ISO_4162_M10_x_100_Fasteners_10,3,Lower_Crankcase_and_Oil_Sump,390,300_Fasteners,True,geometry_supported,"Identified from CAD name, shape, and installed location."
ISO 4162 M10 x 100.010,390_Bolt_ISO_4162_M10_x_100_Fasteners_11,3,Lower_Crankcase_and_Oil_Sump,390,300_Fasteners,True,geometry_supported,"Identified from CAD name, shape, and installed location."
ISO 4162 M10 x 100.011,390_Bolt_ISO_4162_M10_x_100_Fasteners_12,3,Lower_Crankcase_and_Oil_Sump,390,300_Fasteners,True,geometry_supported,"Identified from CAD name, shape, and installed location."
ISO 4162 M10 x 100.012,390_Bolt_ISO_4162_M10_x_100_Fasteners_13,3,Lower_Crankcase_and_Oil_Sump,390,300_Fasteners,True,geometry_supported,"Identified from CAD name, shape, and installed location."
ISO 4162 M10 x 100.013,390_Bolt_ISO_4162_M10_x_100_Fasteners_14,3,Lower_Crankcase_and_Oil_Sump,390,300_Fasteners,True,geometry_supported,"Identified from CAD name, shape, and installed location."
ISO 4162 M16 x 55,390_Bolt_ISO_4162_M16_x_55_Fasteners_01,3,Lower_Crankcase_and_Oil_Sump,390,300_Fasteners,True,geometry_supported,"Identified from CAD name, shape, and installed location."
ISO 4162 M8 x 80,390_Bolt_ISO_4162_M8_x_80_Fasteners_01,3,Lower_Crankcase_and_Oil_Sump,390,300_Fasteners,True,geometry_supported,"Identified from CAD name, shape, and installed location."
ISO 4162 M8 x 80.001,390_Bolt_ISO_4162_M8_x_80_Fasteners_02,3,Lower_Crankcase_and_Oil_Sump,390,300_Fasteners,True,geometry_supported,"Identified from CAD name, shape, and installed location."
ISO 4162 M8 x 80.002,390_Bolt_ISO_4162_M8_x_80_Fasteners_03,3,Lower_Crankcase_and_Oil_Sump,390,300_Fasteners,True,geometry_supported,"Identified from CAD name, shape, and installed location."
ISO 4162 M8 x 80.003,390_Bolt_ISO_4162_M8_x_80_Fasteners_04,3,Lower_Crankcase_and_Oil_Sump,390,300_Fasteners,True,geometry_supported,"Identified from CAD name, shape, and installed location."
ISO 4162 M8 x 80.004,390_Bolt_ISO_4162_M8_x_80_Fasteners_05,3,Lower_Crankcase_and_Oil_Sump,390,300_Fasteners,True,geometry_supported,"Identified from CAD name, shape, and installed location."
ISO 4162 M8 x 80.005,390_Bolt_ISO_4162_M8_x_80_Fasteners_06,3,Lower_Crankcase_and_Oil_Sump,390,300_Fasteners,True,geometry_supported,"Identified from CAD name, shape, and installed location."
ISO 4162 M8 x 80.006,390_Bolt_ISO_4162_M8_x_80_Fasteners_07,3,Lower_Crankcase_and_Oil_Sump,390,300_Fasteners,True,geometry_supported,"Identified from CAD name, shape, and installed location."
ISO 4162 M8 x 80.007,390_Bolt_ISO_4162_M8_x_80_Fasteners_08,3,Lower_Crankcase_and_Oil_Sump,390,300_Fasteners,True,geometry_supported,"Identified from CAD name, shape, and installed location."
ISO 4762 M8 x 30,390_Bolt_ISO_4762_M8_x_30_Fasteners_01,3,Lower_Crankcase_and_Oil_Sump,390,300_Fasteners,True,geometry_supported,"Identified from CAD name, shape, and installed location."
ISO 4762 M8 x 35,390_Bolt_ISO_4762_M8_x_35_Fasteners_01,3,Lower_Crankcase_and_Oil_Sump,390,300_Fasteners,True,geometry_supported,"Identified from CAD name, shape, and installed location."
ISO 4762 M8 x 35.001,390_Bolt_ISO_4762_M8_x_35_Fasteners_02,3,Lower_Crankcase_and_Oil_Sump,390,300_Fasteners,True,geometry_supported,"Identified from CAD name, shape, and installed location."
ISO 4762 M8 x 35.002,390_Bolt_ISO_4762_M8_x_35_Fasteners_03,3,Lower_Crankcase_and_Oil_Sump,390,300_Fasteners,True,geometry_supported,"Identified from CAD name, shape, and installed location."
ISO 4762 M8 x 35.003,390_Bolt_ISO_4762_M8_x_35_Fasteners_04,3,Lower_Crankcase_and_Oil_Sump,390,300_Fasteners,True,geometry_supported,"Identified from CAD name, shape, and installed location."
ISO 4762 M8 x 40,390_Bolt_ISO_4762_M8_x_40_Fasteners_01,3,Lower_Crankcase_and_Oil_Sump,390,300_Fasteners,True,geometry_supported,"Identified from CAD name, shape, and installed location."
ISO 4762 M8 x 45,390_Bolt_ISO_4762_M8_x_45_Fasteners_01,3,Lower_Crankcase_and_Oil_Sump,390,300_Fasteners,True,geometry_supported,"Identified from CAD name, shape, and installed location."
ISO 4762 M8 x 80,390_Bolt_ISO_4762_M8_x_80_Fasteners_01,3,Lower_Crankcase_and_Oil_Sump,390,300_Fasteners,True,geometry_supported,"Identified from CAD name, shape, and installed location."
ISO 4762 M8 x 80.001,390_Bolt_ISO_4762_M8_x_80_Fasteners_02,3,Lower_Crankcase_and_Oil_Sump,390,300_Fasteners,True,geometry_supported,"Identified from CAD name, shape, and installed location."
ISO 4762 M8 x 80.002,390_Bolt_ISO_4762_M8_x_80_Fasteners_03,3,Lower_Crankcase_and_Oil_Sump,390,300_Fasteners,True,geometry_supported,"Identified from CAD name, shape, and installed location."
ISO 7045 Z M4 x 5 - 4.8 - Z,390_Screw_ISO_7045_Z_M4_x_5_4_8_Z_Fasteners_01,3,Lower_Crankcase_and_Oil_Sump,390,300_Fasteners,True,geometry_supported,"Identified from CAD name, shape, and installed location."
ISO 7045 Z M4 x 5 - 4.8 - Z.001,390_Screw_ISO_7045_Z_M4_x_5_4_8_Z_Fasteners_02,3,Lower_Crankcase_and_Oil_Sump,390,300_Fasteners,True,geometry_supported,"Identified from CAD name, shape, and installed location."
ISO 7045 Z M4 x 5 - 4.8 - Z.002,390_Screw_ISO_7045_Z_M4_x_5_4_8_Z_Fasteners_03,3,Lower_Crankcase_and_Oil_Sump,390,300_Fasteners,True,geometry_supported,"Identified from CAD name, shape, and installed location."
ISO 7045 Z M4 x 5 - 4.8 - Z.003,390_Screw_ISO_7045_Z_M4_x_5_4_8_Z_Fasteners_04,3,Lower_Crankcase_and_Oil_Sump,390,300_Fasteners,True,geometry_supported,"Identified from CAD name, shape, and installed location."
Part16,401_Cylinder_Head_01,4,Cylinder_Head_and_Valves,401,400_Chapter_04_Cylinder_Head_and_Valves,False,geometry_supported,"Identified from CAD name, shape, and installed location."
Part22,402_Valve_Spring_Seat_Cyl01_Valves_01,4,Cylinder_Head_and_Valves,402,400_Cylinder_01_Valves,False,geometry_supported,"Identified from CAD name, shape, and installed location."
Part22.003,402_Valve_Spring_Seat_Cyl01_Valves_02,4,Cylinder_Head_and_Valves,402,400_Cylinder_01_Valves,False,geometry_supported,"Identified from CAD name, shape, and installed location."
Part22.006,402_Valve_Spring_Seat_Cyl01_Valves_03,4,Cylinder_Head_and_Valves,402,400_Cylinder_01_Valves,False,geometry_supported,"Identified from CAD name, shape, and installed location."
Part22.009,402_Valve_Spring_Seat_Cyl01_Valves_04,4,Cylinder_Head_and_Valves,402,400_Cylinder_01_Valves,False,geometry_supported,"Identified from CAD name, shape, and installed location."
Part22.001,402_Valve_Spring_Seat_Cyl02_Valves_01,4,Cylinder_Head_and_Valves,402,400_Cylinder_02_Valves,False,geometry_supported,"Identified from CAD name, shape, and installed location."
Part22.007,402_Valve_Spring_Seat_Cyl02_Valves_02,4,Cylinder_Head_and_Valves,402,400_Cylinder_02_Valves,False,geometry_supported,"Identified from CAD name, shape, and installed location."
Part22.010,402_Valve_Spring_Seat_Cyl02_Valves_03,4,Cylinder_Head_and_Valves,402,400_Cylinder_02_Valves,False,geometry_supported,"Identified from CAD name, shape, and installed location."
Part22.011,402_Valve_Spring_Seat_Cyl02_Valves_04,4,Cylinder_Head_and_Valves,402,400_Cylinder_02_Valves,False,geometry_supported,"Identified from CAD name, shape, and installed location."
Part22.002,402_Valve_Spring_Seat_Cyl03_Valves_01,4,Cylinder_Head_and_Valves,402,400_Cylinder_03_Valves,False,geometry_supported,"Identified from CAD name, shape, and installed location."
Part22.004,402_Valve_Spring_Seat_Cyl03_Valves_02,4,Cylinder_Head_and_Valves,402,400_Cylinder_03_Valves,False,geometry_supported,"Identified from CAD name, shape, and installed location."
Part22.005,402_Valve_Spring_Seat_Cyl03_Valves_03,4,Cylinder_Head_and_Valves,402,400_Cylinder_03_Valves,False,geometry_supported,"Identified from CAD name, shape, and installed location."
Part22.008,402_Valve_Spring_Seat_Cyl03_Valves_04,4,Cylinder_Head_and_Valves,402,400_Cylinder_03_Valves,False,geometry_supported,"Identified from CAD name, shape, and installed location."
Part19,403_Valve_Stem_Seal_Cyl01_Valves_01,4,Cylinder_Head_and_Valves,403,400_Cylinder_01_Valves,False,geometry_supported,"Identified from CAD name, shape, and installed location."
Part19.001,403_Valve_Stem_Seal_Cyl01_Valves_02,4,Cylinder_Head_and_Valves,403,400_Cylinder_01_Valves,False,geometry_supported,"Identified from CAD name, shape, and installed location."
Part19.006,403_Valve_Stem_Seal_Cyl01_Valves_03,4,Cylinder_Head_and_Valves,403,400_Cylinder_01_Valves,False,geometry_supported,"Identified from CAD name, shape, and installed location."
Part19.011,403_Valve_Stem_Seal_Cyl01_Valves_04,4,Cylinder_Head_and_Valves,403,400_Cylinder_01_Valves,False,geometry_supported,"Identified from CAD name, shape, and installed location."
Part19.002,403_Valve_Stem_Seal_Cyl02_Valves_01,4,Cylinder_Head_and_Valves,403,400_Cylinder_02_Valves,False,geometry_supported,"Identified from CAD name, shape, and installed location."
Part19.003,403_Valve_Stem_Seal_Cyl02_Valves_02,4,Cylinder_Head_and_Valves,403,400_Cylinder_02_Valves,False,geometry_supported,"Identified from CAD name, shape, and installed location."
Part19.007,403_Valve_Stem_Seal_Cyl02_Valves_03,4,Cylinder_Head_and_Valves,403,400_Cylinder_02_Valves,False,geometry_supported,"Identified from CAD name, shape, and installed location."
Part19.008,403_Valve_Stem_Seal_Cyl02_Valves_04,4,Cylinder_Head_and_Valves,403,400_Cylinder_02_Valves,False,geometry_supported,"Identified from CAD name, shape, and installed location."
Part19.004,403_Valve_Stem_Seal_Cyl03_Valves_01,4,Cylinder_Head_and_Valves,403,400_Cylinder_03_Valves,False,geometry_supported,"Identified from CAD name, shape, and installed location."
Part19.005,403_Valve_Stem_Seal_Cyl03_Valves_02,4,Cylinder_Head_and_Valves,403,400_Cylinder_03_Valves,False,geometry_supported,"Identified from CAD name, shape, and installed location."
Part19.009,403_Valve_Stem_Seal_Cyl03_Valves_03,4,Cylinder_Head_and_Valves,403,400_Cylinder_03_Valves,False,geometry_supported,"Identified from CAD name, shape, and installed location."
Part19.010,403_Valve_Stem_Seal_Cyl03_Valves_04,4,Cylinder_Head_and_Valves,403,400_Cylinder_03_Valves,False,geometry_supported,"Identified from CAD name, shape, and installed location."
Part17.004,404_Exhaust_Valve_Cyl01_Valves_01,4,Cylinder_Head_and_Valves,404,400_Cylinder_01_Valves,False,geometry_supported,"Identified from CAD name, shape, and installed location."
Part17.005,404_Exhaust_Valve_Cyl01_Valves_02,4,Cylinder_Head_and_Valves,404,400_Cylinder_01_Valves,False,geometry_supported,"Identified from CAD name, shape, and installed location."
Part17,404_Exhaust_Valve_Cyl02_Valves_01,4,Cylinder_Head_and_Valves,404,400_Cylinder_02_Valves,False,geometry_supported,"Identified from CAD name, shape, and installed location."
Part17.003,404_Exhaust_Valve_Cyl02_Valves_02,4,Cylinder_Head_and_Valves,404,400_Cylinder_02_Valves,False,geometry_supported,"Identified from CAD name, shape, and installed location."
Part17.001,404_Exhaust_Valve_Cyl03_Valves_01,4,Cylinder_Head_and_Valves,404,400_Cylinder_03_Valves,False,geometry_supported,"Identified from CAD name, shape, and installed location."
Part17.002,404_Exhaust_Valve_Cyl03_Valves_02,4,Cylinder_Head_and_Valves,404,400_Cylinder_03_Valves,False,geometry_supported,"Identified from CAD name, shape, and installed location."
Part18.003,404_Intake_Valve_Cyl01_Valves_01,4,Cylinder_Head_and_Valves,404,400_Cylinder_01_Valves,False,geometry_supported,"Identified from CAD name, shape, and installed location."
Part18.004,404_Intake_Valve_Cyl01_Valves_02,4,Cylinder_Head_and_Valves,404,400_Cylinder_01_Valves,False,geometry_supported,"Identified from CAD name, shape, and installed location."
Part18,404_Intake_Valve_Cyl02_Valves_01,4,Cylinder_Head_and_Valves,404,400_Cylinder_02_Valves,False,geometry_supported,"Identified from CAD name, shape, and installed location."
Part18.005,404_Intake_Valve_Cyl02_Valves_02,4,Cylinder_Head_and_Valves,404,400_Cylinder_02_Valves,False,geometry_supported,"Identified from CAD name, shape, and installed location."
Part18.001,404_Intake_Valve_Cyl03_Valves_01,4,Cylinder_Head_and_Valves,404,400_Cylinder_03_Valves,False,geometry_supported,"Identified from CAD name, shape, and installed location."
Part18.002,404_Intake_Valve_Cyl03_Valves_02,4,Cylinder_Head_and_Valves,404,400_Cylinder_03_Valves,False,geometry_supported,"Identified from CAD name, shape, and installed location."
Part23,405_Valve_Spring_Cyl01_Valves_01,4,Cylinder_Head_and_Valves,405,400_Cylinder_01_Valves,False,geometry_supported,"Identified from CAD name, shape, and installed location."
Part23.001,405_Valve_Spring_Cyl01_Valves_02,4,Cylinder_Head_and_Valves,405,400_Cylinder_01_Valves,False,geometry_supported,"Identified from CAD name, shape, and installed location."
Part23.006,405_Valve_Spring_Cyl01_Valves_03,4,Cylinder_Head_and_Valves,405,400_Cylinder_01_Valves,False,geometry_supported,"Identified from CAD name, shape, and installed location."
Part23.007,405_Valve_Spring_Cyl01_Valves_04,4,Cylinder_Head_and_Valves,405,400_Cylinder_01_Valves,False,geometry_supported,"Identified from CAD name, shape, and installed location."
Part23.002,405_Valve_Spring_Cyl02_Valves_01,4,Cylinder_Head_and_Valves,405,400_Cylinder_02_Valves,False,geometry_supported,"Identified from CAD name, shape, and installed location."
Part23.003,405_Valve_Spring_Cyl02_Valves_02,4,Cylinder_Head_and_Valves,405,400_Cylinder_02_Valves,False,geometry_supported,"Identified from CAD name, shape, and installed location."
Part23.008,405_Valve_Spring_Cyl02_Valves_03,4,Cylinder_Head_and_Valves,405,400_Cylinder_02_Valves,False,geometry_supported,"Identified from CAD name, shape, and installed location."
Part23.009,405_Valve_Spring_Cyl02_Valves_04,4,Cylinder_Head_and_Valves,405,400_Cylinder_02_Valves,False,geometry_supported,"Identified from CAD name, shape, and installed location."
Part23.004,405_Valve_Spring_Cyl03_Valves_01,4,Cylinder_Head_and_Valves,405,400_Cylinder_03_Valves,False,geometry_supported,"Identified from CAD name, shape, and installed location."
Part23.005,405_Valve_Spring_Cyl03_Valves_02,4,Cylinder_Head_and_Valves,405,400_Cylinder_03_Valves,False,geometry_supported,"Identified from CAD name, shape, and installed location."
Part23.010,405_Valve_Spring_Cyl03_Valves_03,4,Cylinder_Head_and_Valves,405,400_Cylinder_03_Valves,False,geometry_supported,"Identified from CAD name, shape, and installed location."
Part23.011,405_Valve_Spring_Cyl03_Valves_04,4,Cylinder_Head_and_Valves,405,400_Cylinder_03_Valves,False,geometry_supported,"Identified from CAD name, shape, and installed location."
Part21,406_Valve_Spring_Retainer_Cyl01_Valves_01,4,Cylinder_Head_and_Valves,406,400_Cylinder_01_Valves,False,geometry_supported,"Identified from CAD name, shape, and installed location."
Part21.001,406_Valve_Spring_Retainer_Cyl01_Valves_02,4,Cylinder_Head_and_Valves,406,400_Cylinder_01_Valves,False,geometry_supported,"Identified from CAD name, shape, and installed location."
Part21.006,406_Valve_Spring_Retainer_Cyl01_Valves_03,4,Cylinder_Head_and_Valves,406,400_Cylinder_01_Valves,False,geometry_supported,"Identified from CAD name, shape, and installed location."
Part21.007,406_Valve_Spring_Retainer_Cyl01_Valves_04,4,Cylinder_Head_and_Valves,406,400_Cylinder_01_Valves,False,geometry_supported,"Identified from CAD name, shape, and installed location."
Part21.002,406_Valve_Spring_Retainer_Cyl02_Valves_01,4,Cylinder_Head_and_Valves,406,400_Cylinder_02_Valves,False,geometry_supported,"Identified from CAD name, shape, and installed location."
Part21.005,406_Valve_Spring_Retainer_Cyl02_Valves_02,4,Cylinder_Head_and_Valves,406,400_Cylinder_02_Valves,False,geometry_supported,"Identified from CAD name, shape, and installed location."
Part21.008,406_Valve_Spring_Retainer_Cyl02_Valves_03,4,Cylinder_Head_and_Valves,406,400_Cylinder_02_Valves,False,geometry_supported,"Identified from CAD name, shape, and installed location."
Part21.009,406_Valve_Spring_Retainer_Cyl02_Valves_04,4,Cylinder_Head_and_Valves,406,400_Cylinder_02_Valves,False,geometry_supported,"Identified from CAD name, shape, and installed location."
Part21.003,406_Valve_Spring_Retainer_Cyl03_Valves_01,4,Cylinder_Head_and_Valves,406,400_Cylinder_03_Valves,False,geometry_supported,"Identified from CAD name, shape, and installed location."
Part21.004,406_Valve_Spring_Retainer_Cyl03_Valves_02,4,Cylinder_Head_and_Valves,406,400_Cylinder_03_Valves,False,geometry_supported,"Identified from CAD name, shape, and installed location."
Part21.010,406_Valve_Spring_Retainer_Cyl03_Valves_03,4,Cylinder_Head_and_Valves,406,400_Cylinder_03_Valves,False,geometry_supported,"Identified from CAD name, shape, and installed location."
Part21.011,406_Valve_Spring_Retainer_Cyl03_Valves_04,4,Cylinder_Head_and_Valves,406,400_Cylinder_03_Valves,False,geometry_supported,"Identified from CAD name, shape, and installed location."
Part20,407_Valve_Keeper_Half_Cyl01_Valves_01,4,Cylinder_Head_and_Valves,407,400_Cylinder_01_Valves,False,geometry_supported,"Identified from CAD name, shape, and installed location."
Part20.005,407_Valve_Keeper_Half_Cyl01_Valves_02,4,Cylinder_Head_and_Valves,407,400_Cylinder_01_Valves,False,geometry_supported,"Identified from CAD name, shape, and installed location."
Part20.006,407_Valve_Keeper_Half_Cyl01_Valves_03,4,Cylinder_Head_and_Valves,407,400_Cylinder_01_Valves,False,geometry_supported,"Identified from CAD name, shape, and installed location."
Part20.011,407_Valve_Keeper_Half_Cyl01_Valves_04,4,Cylinder_Head_and_Valves,407,400_Cylinder_01_Valves,False,geometry_supported,"Identified from CAD name, shape, and installed location."
Part20.012,407_Valve_Keeper_Half_Cyl01_Valves_05,4,Cylinder_Head_and_Valves,407,400_Cylinder_01_Valves,False,geometry_supported,"Identified from CAD name, shape, and installed location."
Part20.017,407_Valve_Keeper_Half_Cyl01_Valves_06,4,Cylinder_Head_and_Valves,407,400_Cylinder_01_Valves,False,geometry_supported,"Identified from CAD name, shape, and installed location."
Part20.018,407_Valve_Keeper_Half_Cyl01_Valves_07,4,Cylinder_Head_and_Valves,407,400_Cylinder_01_Valves,False,geometry_supported,"Identified from CAD name, shape, and installed location."
Part20.023,407_Valve_Keeper_Half_Cyl01_Valves_08,4,Cylinder_Head_and_Valves,407,400_Cylinder_01_Valves,False,geometry_supported,"Identified from CAD name, shape, and installed location."
Part20.003,407_Valve_Keeper_Half_Cyl02_Valves_01,4,Cylinder_Head_and_Valves,407,400_Cylinder_02_Valves,False,geometry_supported,"Identified from CAD name, shape, and installed location."
Part20.004,407_Valve_Keeper_Half_Cyl02_Valves_02,4,Cylinder_Head_and_Valves,407,400_Cylinder_02_Valves,False,geometry_supported,"Identified from CAD name, shape, and installed location."
Part20.009,407_Valve_Keeper_Half_Cyl02_Valves_03,4,Cylinder_Head_and_Valves,407,400_Cylinder_02_Valves,False,geometry_supported,"Identified from CAD name, shape, and installed location."
Part20.010,407_Valve_Keeper_Half_Cyl02_Valves_04,4,Cylinder_Head_and_Valves,407,400_Cylinder_02_Valves,False,geometry_supported,"Identified from CAD name, shape, and installed location."
Part20.015,407_Valve_Keeper_Half_Cyl02_Valves_05,4,Cylinder_Head_and_Valves,407,400_Cylinder_02_Valves,False,geometry_supported,"Identified from CAD name, shape, and installed location."
Part20.016,407_Valve_Keeper_Half_Cyl02_Valves_06,4,Cylinder_Head_and_Valves,407,400_Cylinder_02_Valves,False,geometry_supported,"Identified from CAD name, shape, and installed location."
Part20.021,407_Valve_Keeper_Half_Cyl02_Valves_07,4,Cylinder_Head_and_Valves,407,400_Cylinder_02_Valves,False,geometry_supported,"Identified from CAD name, shape, and installed location."
Part20.022,407_Valve_Keeper_Half_Cyl02_Valves_08,4,Cylinder_Head_and_Valves,407,400_Cylinder_02_Valves,False,geometry_supported,"Identified from CAD name, shape, and installed location."
Part20.001,407_Valve_Keeper_Half_Cyl03_Valves_01,4,Cylinder_Head_and_Valves,407,400_Cylinder_03_Valves,False,geometry_supported,"Identified from CAD name, shape, and installed location."
Part20.002,407_Valve_Keeper_Half_Cyl03_Valves_02,4,Cylinder_Head_and_Valves,407,400_Cylinder_03_Valves,False,geometry_supported,"Identified from CAD name, shape, and installed location."
Part20.007,407_Valve_Keeper_Half_Cyl03_Valves_03,4,Cylinder_Head_and_Valves,407,400_Cylinder_03_Valves,False,geometry_supported,"Identified from CAD name, shape, and installed location."
Part20.008,407_Valve_Keeper_Half_Cyl03_Valves_04,4,Cylinder_Head_and_Valves,407,400_Cylinder_03_Valves,False,geometry_supported,"Identified from CAD name, shape, and installed location."
Part20.013,407_Valve_Keeper_Half_Cyl03_Valves_05,4,Cylinder_Head_and_Valves,407,400_Cylinder_03_Valves,False,geometry_supported,"Identified from CAD name, shape, and installed location."
Part20.014,407_Valve_Keeper_Half_Cyl03_Valves_06,4,Cylinder_Head_and_Valves,407,400_Cylinder_03_Valves,False,geometry_supported,"Identified from CAD name, shape, and installed location."
Part20.019,407_Valve_Keeper_Half_Cyl03_Valves_07,4,Cylinder_Head_and_Valves,407,400_Cylinder_03_Valves,False,geometry_supported,"Identified from CAD name, shape, and installed location."
Part20.020,407_Valve_Keeper_Half_Cyl03_Valves_08,4,Cylinder_Head_and_Valves,407,400_Cylinder_03_Valves,False,geometry_supported,"Identified from CAD name, shape, and installed location."
ISO 4162 M8 x 80.008,490_Bolt_ISO_4162_M8_x_80_Fasteners_01,4,Cylinder_Head_and_Valves,490,400_Fasteners,True,geometry_supported,"Identified from CAD name, shape, and installed location."
ISO 4162 M8 x 80.009,490_Bolt_ISO_4162_M8_x_80_Fasteners_02,4,Cylinder_Head_and_Valves,490,400_Fasteners,True,geometry_supported,"Identified from CAD name, shape, and installed location."
ISO 4162 M8 x 80.010,490_Bolt_ISO_4162_M8_x_80_Fasteners_03,4,Cylinder_Head_and_Valves,490,400_Fasteners,True,geometry_supported,"Identified from CAD name, shape, and installed location."
ISO 4162 M8 x 80.011,490_Bolt_ISO_4162_M8_x_80_Fasteners_04,4,Cylinder_Head_and_Valves,490,400_Fasteners,True,geometry_supported,"Identified from CAD name, shape, and installed location."
ISO 4162 M8 x 80.012,490_Bolt_ISO_4162_M8_x_80_Fasteners_05,4,Cylinder_Head_and_Valves,490,400_Fasteners,True,geometry_supported,"Identified from CAD name, shape, and installed location."
ISO 4162 M8 x 80.013,490_Bolt_ISO_4162_M8_x_80_Fasteners_06,4,Cylinder_Head_and_Valves,490,400_Fasteners,True,geometry_supported,"Identified from CAD name, shape, and installed location."
ISO 4162 M8 x 80.014,490_Bolt_ISO_4162_M8_x_80_Fasteners_07,4,Cylinder_Head_and_Valves,490,400_Fasteners,True,geometry_supported,"Identified from CAD name, shape, and installed location."
ISO 4162 M8 x 80.015,490_Bolt_ISO_4162_M8_x_80_Fasteners_08,4,Cylinder_Head_and_Valves,490,400_Fasteners,True,geometry_supported,"Identified from CAD name, shape, and installed location."
ISO 3030 11 C - 25 x 29 x 8,501_Camshaft_Needle_Bearing_25x29x8_01,5,Camshafts_and_Timing_Drive,501,500_Chapter_05_Camshafts_and_Timing_Drive,False,geometry_supported,"Identified from CAD name, shape, and installed location."
ISO 3030 11 C - 25 x 29 x 8.001,501_Camshaft_Needle_Bearing_25x29x8_02,5,Camshafts_and_Timing_Drive,501,500_Chapter_05_Camshafts_and_Timing_Drive,False,geometry_supported,"Identified from CAD name, shape, and installed location."
ISO 3030 11 C - 25 x 29 x 8.002,501_Camshaft_Needle_Bearing_25x29x8_03,5,Camshafts_and_Timing_Drive,501,500_Chapter_05_Camshafts_and_Timing_Drive,False,geometry_supported,"Identified from CAD name, shape, and installed location."
ISO 3030 11 C - 25 x 29 x 8.003,501_Camshaft_Needle_Bearing_25x29x8_04,5,Camshafts_and_Timing_Drive,501,500_Chapter_05_Camshafts_and_Timing_Drive,False,geometry_supported,"Identified from CAD name, shape, and installed location."
ISO 3030 11 C - 25 x 29 x 8.004,501_Camshaft_Needle_Bearing_25x29x8_05,5,Camshafts_and_Timing_Drive,501,500_Chapter_05_Camshafts_and_Timing_Drive,False,geometry_supported,"Identified from CAD name, shape, and installed location."
ISO 3030 11 C - 25 x 29 x 8.005,501_Camshaft_Needle_Bearing_25x29x8_06,5,Camshafts_and_Timing_Drive,501,500_Chapter_05_Camshafts_and_Timing_Drive,False,geometry_supported,"Identified from CAD name, shape, and installed location."
ISO 3030 11 C - 25 x 29 x 8.006,501_Camshaft_Needle_Bearing_25x29x8_07,5,Camshafts_and_Timing_Drive,501,500_Chapter_05_Camshafts_and_Timing_Drive,False,geometry_supported,"Identified from CAD name, shape, and installed location."
ISO 3030 11 C - 25 x 29 x 8.007,501_Camshaft_Needle_Bearing_25x29x8_08,5,Camshafts_and_Timing_Drive,501,500_Chapter_05_Camshafts_and_Timing_Drive,False,geometry_supported,"Identified from CAD name, shape, and installed location."
Part51,501_Front_Engine_Cover_01,5,Camshafts_and_Timing_Drive,501,500_Chapter_05_Camshafts_and_Timing_Drive,False,geometry_supported,"Identified from CAD name, shape, and installed location."
Part25,502_Exhaust_Camshaft_01,5,Camshafts_and_Timing_Drive,502,500_Chapter_05_Camshafts_and_Timing_Drive,False,geometry_supported,"Identified from CAD name, shape, and installed location."
Part24,502_Intake_Camshaft_01,5,Camshafts_and_Timing_Drive,502,500_Chapter_05_Camshafts_and_Timing_Drive,False,geometry_supported,"Identified from CAD name, shape, and installed location."
Part26,503_Camshaft_Pulley_Key_01,5,Camshafts_and_Timing_Drive,503,500_Chapter_05_Camshafts_and_Timing_Drive,False,geometry_supported,"Identified from CAD name, shape, and installed location."
Part26.001,503_Camshaft_Pulley_Key_02,5,Camshafts_and_Timing_Drive,503,500_Chapter_05_Camshafts_and_Timing_Drive,False,geometry_supported,"Identified from CAD name, shape, and installed location."
Part27,504_Camshaft_Pulley_Hub_01,5,Camshafts_and_Timing_Drive,504,500_Chapter_05_Camshafts_and_Timing_Drive,False,geometry_supported,"Identified from CAD name, shape, and installed location."
Part27.001,504_Camshaft_Pulley_Hub_02,5,Camshafts_and_Timing_Drive,504,500_Chapter_05_Camshafts_and_Timing_Drive,False,geometry_supported,"Identified from CAD name, shape, and installed location."
Part11,505_Crankshaft_Pulley_Key_01,5,Camshafts_and_Timing_Drive,505,500_Chapter_05_Camshafts_and_Timing_Drive,False,geometry_supported,"Identified from CAD name, shape, and installed location."
Part29,506_Camshaft_Timing_Pulley_01,5,Camshafts_and_Timing_Drive,506,500_Chapter_05_Camshafts_and_Timing_Drive,False,geometry_supported,"Identified from CAD name, shape, and installed location."
Part29.001,506_Camshaft_Timing_Pulley_02,5,Camshafts_and_Timing_Drive,506,500_Chapter_05_Camshafts_and_Timing_Drive,False,geometry_supported,"Identified from CAD name, shape, and installed location."
Part12,506_Crankshaft_Pulley_01,5,Camshafts_and_Timing_Drive,506,500_Chapter_05_Camshafts_and_Timing_Drive,False,geometry_supported,"Identified from CAD name, shape, and installed location."
Part28,507_Camshaft_Pulley_Washer_01,5,Camshafts_and_Timing_Drive,507,500_Chapter_05_Camshafts_and_Timing_Drive,False,geometry_supported,"Identified from CAD name, shape, and installed location."
Part28.001,507_Camshaft_Pulley_Washer_02,5,Camshafts_and_Timing_Drive,507,500_Chapter_05_Camshafts_and_Timing_Drive,False,geometry_supported,"Identified from CAD name, shape, and installed location."
Part13,507_Crankshaft_Pulley_Washer_01,5,Camshafts_and_Timing_Drive,507,500_Chapter_05_Camshafts_and_Timing_Drive,False,geometry_supported,"Identified from CAD name, shape, and installed location."
Part31,508_Timing_Idler_Mounting_Plate_01,5,Camshafts_and_Timing_Drive,508,500_Chapter_05_Camshafts_and_Timing_Drive,False,geometry_supported,"Identified from CAD name, shape, and installed location."
Part33,509_Timing_Idler_Shaft_01,5,Camshafts_and_Timing_Drive,509,500_Chapter_05_Camshafts_and_Timing_Drive,False,geometry_supported,"Identified from CAD name, shape, and installed location."
Part33.001,509_Timing_Idler_Shaft_02,5,Camshafts_and_Timing_Drive,509,500_Chapter_05_Camshafts_and_Timing_Drive,False,geometry_supported,"Identified from CAD name, shape, and installed location."
JIS B 1521 6203 17x40x12,510_Idler_Ball_Bearing_6203_01,5,Camshafts_and_Timing_Drive,510,500_Chapter_05_Camshafts_and_Timing_Drive,False,geometry_supported,"Identified from CAD name, shape, and installed location."
JIS B 1521 6203 17x40x12.001,510_Idler_Ball_Bearing_6203_02,5,Camshafts_and_Timing_Drive,510,500_Chapter_05_Camshafts_and_Timing_Drive,False,geometry_supported,"Identified from CAD name, shape, and installed location."
JIS B 1521 6203 17x40x12.002,510_Idler_Ball_Bearing_6203_03,5,Camshafts_and_Timing_Drive,510,500_Chapter_05_Camshafts_and_Timing_Drive,False,geometry_supported,"Identified from CAD name, shape, and installed location."
JIS B 1521 6203 17x40x12.003,510_Idler_Ball_Bearing_6203_04,5,Camshafts_and_Timing_Drive,510,500_Chapter_05_Camshafts_and_Timing_Drive,False,geometry_supported,"Identified from CAD name, shape, and installed location."
JIS B 2804 40x1.8,511_Idler_Bore_Circlip_01,5,Camshafts_and_Timing_Drive,511,500_Chapter_05_Camshafts_and_Timing_Drive,False,geometry_supported,"Identified from CAD name, shape, and installed location."
JIS B 2804 40x1.001,511_Idler_Bore_Circlip_02,5,Camshafts_and_Timing_Drive,511,500_Chapter_05_Camshafts_and_Timing_Drive,False,geometry_supported,"Identified from CAD name, shape, and installed location."
JIS B 2804 40x1.002,511_Idler_Bore_Circlip_03,5,Camshafts_and_Timing_Drive,511,500_Chapter_05_Camshafts_and_Timing_Drive,False,geometry_supported,"Identified from CAD name, shape, and installed location."
JIS B 2804 40x1.003,511_Idler_Bore_Circlip_04,5,Camshafts_and_Timing_Drive,511,500_Chapter_05_Camshafts_and_Timing_Drive,False,geometry_supported,"Identified from CAD name, shape, and installed location."
JIS B 2804 17x1,511_Idler_Shaft_Circlip_01,5,Camshafts_and_Timing_Drive,511,500_Chapter_05_Camshafts_and_Timing_Drive,False,geometry_supported,"Identified from CAD name, shape, and installed location."
JIS B 2804 17x1.001,511_Idler_Shaft_Circlip_02,5,Camshafts_and_Timing_Drive,511,500_Chapter_05_Camshafts_and_Timing_Drive,False,geometry_supported,"Identified from CAD name, shape, and installed location."
JIS B 2804 17x1.002,511_Idler_Shaft_Circlip_03,5,Camshafts_and_Timing_Drive,511,500_Chapter_05_Camshafts_and_Timing_Drive,False,geometry_supported,"Identified from CAD name, shape, and installed location."
JIS B 2804 17x1.003,511_Idler_Shaft_Circlip_04,5,Camshafts_and_Timing_Drive,511,500_Chapter_05_Camshafts_and_Timing_Drive,False,geometry_supported,"Identified from CAD name, shape, and installed location."
Part32,511_Timing_Idler_Pulley_01,5,Camshafts_and_Timing_Drive,511,500_Chapter_05_Camshafts_and_Timing_Drive,False,geometry_supported,"Identified from CAD name, shape, and installed location."
Part32.001,511_Timing_Idler_Pulley_02,5,Camshafts_and_Timing_Drive,511,500_Chapter_05_Camshafts_and_Timing_Drive,False,geometry_supported,"Identified from CAD name, shape, and installed location."
Part34,512_Timing_Belt_01,5,Camshafts_and_Timing_Drive,512,500_Chapter_05_Camshafts_and_Timing_Drive,False,geometry_supported,"Identified from CAD name, shape, and installed location."
ISO 4162 M12 x 45,590_Bolt_ISO_4162_M12_x_45_Fasteners_01,5,Camshafts_and_Timing_Drive,590,500_Fasteners,True,geometry_supported,"Identified from CAD name, shape, and installed location."
ISO 4162 M12 x 45.001,590_Bolt_ISO_4162_M12_x_45_Fasteners_02,5,Camshafts_and_Timing_Drive,590,500_Fasteners,True,geometry_supported,"Identified from CAD name, shape, and installed location."
ISO 4162 M8 x 35,590_Bolt_ISO_4162_M8_x_35_Fasteners_01,5,Camshafts_and_Timing_Drive,590,500_Fasteners,True,geometry_supported,"Identified from CAD name, shape, and installed location."
ISO 4162 M8 x 35.001,590_Bolt_ISO_4162_M8_x_35_Fasteners_02,5,Camshafts_and_Timing_Drive,590,500_Fasteners,True,geometry_supported,"Identified from CAD name, shape, and installed location."
ISO 4162 M8 x 35.002,590_Bolt_ISO_4162_M8_x_35_Fasteners_03,5,Camshafts_and_Timing_Drive,590,500_Fasteners,True,geometry_supported,"Identified from CAD name, shape, and installed location."
ISO 4162 M8 x 35.003,590_Bolt_ISO_4162_M8_x_35_Fasteners_04,5,Camshafts_and_Timing_Drive,590,500_Fasteners,True,geometry_supported,"Identified from CAD name, shape, and installed location."
ISO 4162 M8 x 35.004,590_Bolt_ISO_4162_M8_x_35_Fasteners_05,5,Camshafts_and_Timing_Drive,590,500_Fasteners,True,geometry_supported,"Identified from CAD name, shape, and installed location."
ISO 4162 M8 x 35.005,590_Bolt_ISO_4162_M8_x_35_Fasteners_06,5,Camshafts_and_Timing_Drive,590,500_Fasteners,True,geometry_supported,"Identified from CAD name, shape, and installed location."
ISO 4162 M8 x 35.006,590_Bolt_ISO_4162_M8_x_35_Fasteners_07,5,Camshafts_and_Timing_Drive,590,500_Fasteners,True,geometry_supported,"Identified from CAD name, shape, and installed location."
ISO 4162 M8 x 35.007,590_Bolt_ISO_4162_M8_x_35_Fasteners_08,5,Camshafts_and_Timing_Drive,590,500_Fasteners,True,geometry_supported,"Identified from CAD name, shape, and installed location."
ISO 4162 M8 x 35.008,590_Bolt_ISO_4162_M8_x_35_Fasteners_09,5,Camshafts_and_Timing_Drive,590,500_Fasteners,True,geometry_supported,"Identified from CAD name, shape, and installed location."
ISO 4162 M8 x 35.009,590_Bolt_ISO_4162_M8_x_35_Fasteners_10,5,Camshafts_and_Timing_Drive,590,500_Fasteners,True,geometry_supported,"Identified from CAD name, shape, and installed location."
ISO 4762 M8 x 20,590_Bolt_ISO_4762_M8_x_20_Fasteners_01,5,Camshafts_and_Timing_Drive,590,500_Fasteners,True,geometry_supported,"Identified from CAD name, shape, and installed location."
ISO 4762 M8 x 20.001,590_Bolt_ISO_4762_M8_x_20_Fasteners_02,5,Camshafts_and_Timing_Drive,590,500_Fasteners,True,geometry_supported,"Identified from CAD name, shape, and installed location."
ISO 4762 M8 x 20.002,590_Bolt_ISO_4762_M8_x_20_Fasteners_03,5,Camshafts_and_Timing_Drive,590,500_Fasteners,True,geometry_supported,"Identified from CAD name, shape, and installed location."
ISO 4762 M8 x 20.003,590_Bolt_ISO_4762_M8_x_20_Fasteners_04,5,Camshafts_and_Timing_Drive,590,500_Fasteners,True,geometry_supported,"Identified from CAD name, shape, and installed location."
ISO 4035 M22,590_Nut_ISO_4035_M22_Fasteners_01,5,Camshafts_and_Timing_Drive,590,500_Fasteners,True,geometry_supported,"Identified from CAD name, shape, and installed location."
Part30,601_Cylinder_Head_Cover_01,6,Head_Cover_and_Fuel_System,601,600_Chapter_06_Head_Cover_and_Fuel_System,False,geometry_supported,"Identified from CAD name, shape, and installed location."
Part35,602_Fuel_Injector_01,6,Head_Cover_and_Fuel_System,602,600_Chapter_06_Head_Cover_and_Fuel_System,False,geometry_supported,"Identified from CAD name, shape, and installed location."
Part35.001,602_Fuel_Injector_02,6,Head_Cover_and_Fuel_System,602,600_Chapter_06_Head_Cover_and_Fuel_System,False,geometry_supported,"Identified from CAD name, shape, and installed location."
Part35.002,602_Fuel_Injector_03,6,Head_Cover_and_Fuel_System,602,600_Chapter_06_Head_Cover_and_Fuel_System,False,geometry_supported,"Identified from CAD name, shape, and installed location."
Part37,603_Fuel_Rail_01,6,Head_Cover_and_Fuel_System,603,600_Chapter_06_Head_Cover_and_Fuel_System,False,geometry_supported,"Identified from CAD name, shape, and installed location."
Part39,604_Fuel_Return_Line_01,6,Head_Cover_and_Fuel_System,604,600_Chapter_06_Head_Cover_and_Fuel_System,False,provisional,Fuel return function inferred from injector connections.
Part36,605_Crankcase_Breather_Housing_01,6,Head_Cover_and_Fuel_System,605,600_Chapter_06_Head_Cover_and_Fuel_System,False,provisional,Breather function inferred from cover location and hose.
Part38,606_Breather_Hose_01,6,Head_Cover_and_Fuel_System,606,600_Chapter_06_Head_Cover_and_Fuel_System,False,provisional,Hose purpose inferred from connection to cover-mounted housing.
ISO 4162 M8 x 80.016,690_Bolt_ISO_4162_M8_x_80_Fasteners_01,6,Head_Cover_and_Fuel_System,690,600_Fasteners,True,geometry_supported,"Identified from CAD name, shape, and installed location."
ISO 4162 M8 x 80.017,690_Bolt_ISO_4162_M8_x_80_Fasteners_02,6,Head_Cover_and_Fuel_System,690,600_Fasteners,True,geometry_supported,"Identified from CAD name, shape, and installed location."
ISO 4162 M8 x 80.018,690_Bolt_ISO_4162_M8_x_80_Fasteners_03,6,Head_Cover_and_Fuel_System,690,600_Fasteners,True,geometry_supported,"Identified from CAD name, shape, and installed location."
ISO 4162 M8 x 80.019,690_Bolt_ISO_4162_M8_x_80_Fasteners_04,6,Head_Cover_and_Fuel_System,690,600_Fasteners,True,geometry_supported,"Identified from CAD name, shape, and installed location."
ISO 4162 M8 x 80.020,690_Bolt_ISO_4162_M8_x_80_Fasteners_05,6,Head_Cover_and_Fuel_System,690,600_Fasteners,True,geometry_supported,"Identified from CAD name, shape, and installed location."
ISO 4162 M8 x 80.021,690_Bolt_ISO_4162_M8_x_80_Fasteners_06,6,Head_Cover_and_Fuel_System,690,600_Fasteners,True,geometry_supported,"Identified from CAD name, shape, and installed location."
ISO 4162 M8 x 80.022,690_Bolt_ISO_4162_M8_x_80_Fasteners_07,6,Head_Cover_and_Fuel_System,690,600_Fasteners,True,geometry_supported,"Identified from CAD name, shape, and installed location."
ISO 4162 M8 x 80.023,690_Bolt_ISO_4162_M8_x_80_Fasteners_08,6,Head_Cover_and_Fuel_System,690,600_Fasteners,True,geometry_supported,"Identified from CAD name, shape, and installed location."
ISO 4162 M8 x 80.024,690_Bolt_ISO_4162_M8_x_80_Fasteners_09,6,Head_Cover_and_Fuel_System,690,600_Fasteners,True,geometry_supported,"Identified from CAD name, shape, and installed location."
ISO 4162 M8 x 80.025,690_Bolt_ISO_4162_M8_x_80_Fasteners_10,6,Head_Cover_and_Fuel_System,690,600_Fasteners,True,geometry_supported,"Identified from CAD name, shape, and installed location."
ISO 4162 M8 x 80.026,690_Bolt_ISO_4162_M8_x_80_Fasteners_11,6,Head_Cover_and_Fuel_System,690,600_Fasteners,True,geometry_supported,"Identified from CAD name, shape, and installed location."
ISO 4162 M8 x 80.027,690_Bolt_ISO_4162_M8_x_80_Fasteners_12,6,Head_Cover_and_Fuel_System,690,600_Fasteners,True,geometry_supported,"Identified from CAD name, shape, and installed location."
ISO 4162 M8 x 80.028,690_Bolt_ISO_4162_M8_x_80_Fasteners_13,6,Head_Cover_and_Fuel_System,690,600_Fasteners,True,geometry_supported,"Identified from CAD name, shape, and installed location."
ISO 4162 M8 x 80.029,690_Bolt_ISO_4162_M8_x_80_Fasteners_14,6,Head_Cover_and_Fuel_System,690,600_Fasteners,True,geometry_supported,"Identified from CAD name, shape, and installed location."
ISO 4762 M6 x 10,690_Bolt_ISO_4762_M6_x_10_Fasteners_01,6,Head_Cover_and_Fuel_System,690,600_Fasteners,True,geometry_supported,"Identified from CAD name, shape, and installed location."
ISO 4762 M6 x 10.001,690_Bolt_ISO_4762_M6_x_10_Fasteners_02,6,Head_Cover_and_Fuel_System,690,600_Fasteners,True,geometry_supported,"Identified from CAD name, shape, and installed location."
ISO 4762 M8 x 20.004,690_Bolt_ISO_4762_M8_x_20_Fasteners_01,6,Head_Cover_and_Fuel_System,690,600_Fasteners,True,geometry_supported,"Identified from CAD name, shape, and installed location."
ISO 4762 M8 x 20.005,690_Bolt_ISO_4762_M8_x_20_Fasteners_02,6,Head_Cover_and_Fuel_System,690,600_Fasteners,True,geometry_supported,"Identified from CAD name, shape, and installed location."
Part40,701_Turbocharger_Housing_and_Exhaust_Manifold_01,7,Turbocharger_and_Exhaust,701,700_Chapter_07_Turbocharger_and_Exhaust,False,geometry_supported,"Identified from CAD name, shape, and installed location."
Part43,702_Turbo_Rotor_Shaft_01,7,Turbocharger_and_Exhaust,702,700_Chapter_07_Turbocharger_and_Exhaust,False,geometry_supported,"Identified from CAD name, shape, and installed location."
ISO 15 7 17 - 10 x 15 x 3,703_Turbo_Shaft_Bearing_10x15x3_01,7,Turbocharger_and_Exhaust,703,700_Chapter_07_Turbocharger_and_Exhaust,False,geometry_supported,"Identified from CAD name, shape, and installed location."
ISO 15 7 17 - 10 x 15 x 3.001,703_Turbo_Shaft_Bearing_10x15x3_02,7,Turbocharger_and_Exhaust,703,700_Chapter_07_Turbocharger_and_Exhaust,False,geometry_supported,"Identified from CAD name, shape, and installed location."
JIS B 2804 10x1,703_Turbo_Shaft_Circlip_01,7,Turbocharger_and_Exhaust,703,700_Chapter_07_Turbocharger_and_Exhaust,False,geometry_supported,"Identified from CAD name, shape, and installed location."
JIS B 2804 10x1.001,703_Turbo_Shaft_Circlip_02,7,Turbocharger_and_Exhaust,703,700_Chapter_07_Turbocharger_and_Exhaust,False,geometry_supported,"Identified from CAD name, shape, and installed location."
Part41,704_Turbo_Compressor_Wheel_01,7,Turbocharger_and_Exhaust,704,700_Chapter_07_Turbocharger_and_Exhaust,False,geometry_supported,"Identified from CAD name, shape, and installed location."
Part42,704_Turbo_Turbine_Wheel_01,7,Turbocharger_and_Exhaust,704,700_Chapter_07_Turbocharger_and_Exhaust,False,geometry_supported,"Identified from CAD name, shape, and installed location."
Part44,705_Turbo_Outlet_Band_Clamp_01,7,Turbocharger_and_Exhaust,705,700_Chapter_07_Turbocharger_and_Exhaust,False,geometry_supported,"Identified from CAD name, shape, and installed location."
Part45,706_Exhaust_Outlet_and_Catalyst_Housing_01,7,Turbocharger_and_Exhaust,706,700_Chapter_07_Turbocharger_and_Exhaust,False,provisional,Exhaust canister identified geometrically; catalyst content unverified.
ISO 4762 M4 x 12,790_Bolt_ISO_4762_M4_x_12_Fasteners_01,7,Turbocharger_and_Exhaust,790,700_Fasteners,True,geometry_supported,"Identified from CAD name, shape, and installed location."
ISO 4762 M4 x 12.001,790_Bolt_ISO_4762_M4_x_12_Fasteners_02,7,Turbocharger_and_Exhaust,790,700_Fasteners,True,geometry_supported,"Identified from CAD name, shape, and installed location."
ISO 4762 M6 x 10.002,790_Bolt_ISO_4762_M6_x_10_Fasteners_01,7,Turbocharger_and_Exhaust,790,700_Fasteners,True,geometry_supported,"Identified from CAD name, shape, and installed location."
ISO 4762 M6 x 10.003,790_Bolt_ISO_4762_M6_x_10_Fasteners_02,7,Turbocharger_and_Exhaust,790,700_Fasteners,True,geometry_supported,"Identified from CAD name, shape, and installed location."
ISO 4762 M6 x 10.004,790_Bolt_ISO_4762_M6_x_10_Fasteners_03,7,Turbocharger_and_Exhaust,790,700_Fasteners,True,geometry_supported,"Identified from CAD name, shape, and installed location."
ISO 4762 M6 x 10.005,790_Bolt_ISO_4762_M6_x_10_Fasteners_04,7,Turbocharger_and_Exhaust,790,700_Fasteners,True,geometry_supported,"Identified from CAD name, shape, and installed location."
ISO 4762 M8 x 12,790_Bolt_ISO_4762_M8_x_12_Fasteners_01,7,Turbocharger_and_Exhaust,790,700_Fasteners,True,geometry_supported,"Identified from CAD name, shape, and installed location."
Part56,801_Intake_Manifold_01,8,Intake_and_External_Plumbing,801,800_Chapter_08_Intake_and_External_Plumbing,False,geometry_supported,"Identified from CAD name, shape, and installed location."
Part57,802_Intake_Pipe_Fitting_01,8,Intake_and_External_Plumbing,802,800_Chapter_08_Intake_and_External_Plumbing,False,provisional,Intake fitting; exact service function unverified.
Part59,802_Intake_Pipe_Union_01,8,Intake_and_External_Plumbing,802,800_Chapter_08_Intake_and_External_Plumbing,False,provisional,Intake union; exact service function unverified.
Part58,803_External_Service_Tube_01,8,Intake_and_External_Plumbing,803,800_Chapter_08_Intake_and_External_Plumbing,False,provisional,External tube; exact fluid/service function unverified.
Part49,901_Accessory_Lower_Mounting_Bracket_01,9,Accessories_and_Motor,901,900_Chapter_09_Accessories_and_Motor,False,provisional,Accessory mounting bracket; OEM name unavailable.
Part48,901_Accessory_Upper_Mounting_Bracket_01,9,Accessories_and_Motor,901,900_Chapter_09_Accessories_and_Motor,False,provisional,Accessory mounting bracket; OEM name unavailable.
Part52,902_Accessory_Mounting_Spacer_A_01,9,Accessories_and_Motor,902,900_Chapter_09_Accessories_and_Motor,False,provisional,Accessory mounting spacer; OEM function unverified.
Part53,902_Accessory_Mounting_Spacer_B_01,9,Accessories_and_Motor,902,900_Chapter_09_Accessories_and_Motor,False,provisional,Accessory mounting spacer; OEM function unverified.
Part46,903_Alternator_01,9,Accessories_and_Motor,903,900_Chapter_09_Accessories_and_Motor,False,geometry_supported,"Identified from CAD name, shape, and installed location."
Part47,904_Starter_Motor_01,9,Accessories_and_Motor,904,900_Chapter_09_Accessories_and_Motor,False,geometry_supported,"Identified from CAD name, shape, and installed location."
Part50,905_Alternator_Pulley_01,9,Accessories_and_Motor,905,900_Chapter_09_Accessories_and_Motor,False,geometry_supported,"Identified from CAD name, shape, and installed location."
Part54,906_Accessory_Idler_Shaft_01,9,Accessories_and_Motor,906,900_Chapter_09_Accessories_and_Motor,False,geometry_supported,"Identified from CAD name, shape, and installed location."
Part32_CPY,907_Accessory_Idler_Pulley_01,9,Accessories_and_Motor,907,900_Chapter_09_Accessories_and_Motor,False,geometry_supported,"Identified from CAD name, shape, and installed location."
JIS B 1521 6203 17x40x12.004,907_Idler_Ball_Bearing_6203_01,9,Accessories_and_Motor,907,900_Chapter_09_Accessories_and_Motor,False,geometry_supported,"Identified from CAD name, shape, and installed location."
JIS B 1521 6203 17x40x12.005,907_Idler_Ball_Bearing_6203_02,9,Accessories_and_Motor,907,900_Chapter_09_Accessories_and_Motor,False,geometry_supported,"Identified from CAD name, shape, and installed location."
JIS B 2804 40x1.004,907_Idler_Bore_Circlip_01,9,Accessories_and_Motor,907,900_Chapter_09_Accessories_and_Motor,False,geometry_supported,"Identified from CAD name, shape, and installed location."
JIS B 2804 40x1.005,907_Idler_Bore_Circlip_02,9,Accessories_and_Motor,907,900_Chapter_09_Accessories_and_Motor,False,geometry_supported,"Identified from CAD name, shape, and installed location."
JIS B 2804 17x1.004,907_Idler_Shaft_Circlip_01,9,Accessories_and_Motor,907,900_Chapter_09_Accessories_and_Motor,False,geometry_supported,"Identified from CAD name, shape, and installed location."
JIS B 2804 17x1.005,907_Idler_Shaft_Circlip_02,9,Accessories_and_Motor,907,900_Chapter_09_Accessories_and_Motor,False,geometry_supported,"Identified from CAD name, shape, and installed location."
asdasdasdasdasdasd-1_1,908_Motor_Unit_GSwirl_01,9,Accessories_and_Motor,908,900_Chapter_09_Accessories_and_Motor,False,provisional,User-requested motor unit: merged original GSwirl internals and housing/pulley. Belt-driven accessory; exact OEM function unverified.
asdasdasdasdasdasd-1_10,908_Motor_Unit_GSwirl_01,9,Accessories_and_Motor,908,900_Chapter_09_Accessories_and_Motor,False,provisional,User-requested motor unit: merged original GSwirl internals and housing/pulley. Belt-driven accessory; exact OEM function unverified.
asdasdasdasdasdasd-1_100,908_Motor_Unit_GSwirl_01,9,Accessories_and_Motor,908,900_Chapter_09_Accessories_and_Motor,False,provisional,User-requested motor unit: merged original GSwirl internals and housing/pulley. Belt-driven accessory; exact OEM function unverified.
asdasdasdasdasdasd-1_101,908_Motor_Unit_GSwirl_01,9,Accessories_and_Motor,908,900_Chapter_09_Accessories_and_Motor,False,provisional,User-requested motor unit: merged original GSwirl internals and housing/pulley. Belt-driven accessory; exact OEM function unverified.
asdasdasdasdasdasd-1_102,908_Motor_Unit_GSwirl_01,9,Accessories_and_Motor,908,900_Chapter_09_Accessories_and_Motor,False,provisional,User-requested motor unit: merged original GSwirl internals and housing/pulley. Belt-driven accessory; exact OEM function unverified.
asdasdasdasdasdasd-1_103,908_Motor_Unit_GSwirl_01,9,Accessories_and_Motor,908,900_Chapter_09_Accessories_and_Motor,False,provisional,User-requested motor unit: merged original GSwirl internals and housing/pulley. Belt-driven accessory; exact OEM function unverified.
asdasdasdasdasdasd-1_104,908_Motor_Unit_GSwirl_01,9,Accessories_and_Motor,908,900_Chapter_09_Accessories_and_Motor,False,provisional,User-requested motor unit: merged original GSwirl internals and housing/pulley. Belt-driven accessory; exact OEM function unverified.
asdasdasdasdasdasd-1_105,908_Motor_Unit_GSwirl_01,9,Accessories_and_Motor,908,900_Chapter_09_Accessories_and_Motor,False,provisional,User-requested motor unit: merged original GSwirl internals and housing/pulley. Belt-driven accessory; exact OEM function unverified.
asdasdasdasdasdasd-1_106,908_Motor_Unit_GSwirl_01,9,Accessories_and_Motor,908,900_Chapter_09_Accessories_and_Motor,False,provisional,User-requested motor unit: merged original GSwirl internals and housing/pulley. Belt-driven accessory; exact OEM function unverified.
asdasdasdasdasdasd-1_107,908_Motor_Unit_GSwirl_01,9,Accessories_and_Motor,908,900_Chapter_09_Accessories_and_Motor,False,provisional,User-requested motor unit: merged original GSwirl internals and housing/pulley. Belt-driven accessory; exact OEM function unverified.
asdasdasdasdasdasd-1_108,908_Motor_Unit_GSwirl_01,9,Accessories_and_Motor,908,900_Chapter_09_Accessories_and_Motor,False,provisional,User-requested motor unit: merged original GSwirl internals and housing/pulley. Belt-driven accessory; exact OEM function unverified.
asdasdasdasdasdasd-1_109,908_Motor_Unit_GSwirl_01,9,Accessories_and_Motor,908,900_Chapter_09_Accessories_and_Motor,False,provisional,User-requested motor unit: merged original GSwirl internals and housing/pulley. Belt-driven accessory; exact OEM function unverified.
asdasdasdasdasdasd-1_11,908_Motor_Unit_GSwirl_01,9,Accessories_and_Motor,908,900_Chapter_09_Accessories_and_Motor,False,provisional,User-requested motor unit: merged original GSwirl internals and housing/pulley. Belt-driven accessory; exact OEM function unverified.
asdasdasdasdasdasd-1_110,908_Motor_Unit_GSwirl_01,9,Accessories_and_Motor,908,900_Chapter_09_Accessories_and_Motor,False,provisional,User-requested motor unit: merged original GSwirl internals and housing/pulley. Belt-driven accessory; exact OEM function unverified.
asdasdasdasdasdasd-1_111,908_Motor_Unit_GSwirl_01,9,Accessories_and_Motor,908,900_Chapter_09_Accessories_and_Motor,False,provisional,User-requested motor unit: merged original GSwirl internals and housing/pulley. Belt-driven accessory; exact OEM function unverified.
asdasdasdasdasdasd-1_112,908_Motor_Unit_GSwirl_01,9,Accessories_and_Motor,908,900_Chapter_09_Accessories_and_Motor,False,provisional,User-requested motor unit: merged original GSwirl internals and housing/pulley. Belt-driven accessory; exact OEM function unverified.
asdasdasdasdasdasd-1_113,908_Motor_Unit_GSwirl_01,9,Accessories_and_Motor,908,900_Chapter_09_Accessories_and_Motor,False,provisional,User-requested motor unit: merged original GSwirl internals and housing/pulley. Belt-driven accessory; exact OEM function unverified.
asdasdasdasdasdasd-1_12,908_Motor_Unit_GSwirl_01,9,Accessories_and_Motor,908,900_Chapter_09_Accessories_and_Motor,False,provisional,User-requested motor unit: merged original GSwirl internals and housing/pulley. Belt-driven accessory; exact OEM function unverified.
asdasdasdasdasdasd-1_13,908_Motor_Unit_GSwirl_01,9,Accessories_and_Motor,908,900_Chapter_09_Accessories_and_Motor,False,provisional,User-requested motor unit: merged original GSwirl internals and housing/pulley. Belt-driven accessory; exact OEM function unverified.
asdasdasdasdasdasd-1_14,908_Motor_Unit_GSwirl_01,9,Accessories_and_Motor,908,900_Chapter_09_Accessories_and_Motor,False,provisional,User-requested motor unit: merged original GSwirl internals and housing/pulley. Belt-driven accessory; exact OEM function unverified.
asdasdasdasdasdasd-1_15,908_Motor_Unit_GSwirl_01,9,Accessories_and_Motor,908,900_Chapter_09_Accessories_and_Motor,False,provisional,User-requested motor unit: merged original GSwirl internals and housing/pulley. Belt-driven accessory; exact OEM function unverified.
asdasdasdasdasdasd-1_16,908_Motor_Unit_GSwirl_01,9,Accessories_and_Motor,908,900_Chapter_09_Accessories_and_Motor,False,provisional,User-requested motor unit: merged original GSwirl internals and housing/pulley. Belt-driven accessory; exact OEM function unverified.
asdasdasdasdasdasd-1_17,908_Motor_Unit_GSwirl_01,9,Accessories_and_Motor,908,900_Chapter_09_Accessories_and_Motor,False,provisional,User-requested motor unit: merged original GSwirl internals and housing/pulley. Belt-driven accessory; exact OEM function unverified.
asdasdasdasdasdasd-1_18,908_Motor_Unit_GSwirl_01,9,Accessories_and_Motor,908,900_Chapter_09_Accessories_and_Motor,False,provisional,User-requested motor unit: merged original GSwirl internals and housing/pulley. Belt-driven accessory; exact OEM function unverified.
asdasdasdasdasdasd-1_19,908_Motor_Unit_GSwirl_01,9,Accessories_and_Motor,908,900_Chapter_09_Accessories_and_Motor,False,provisional,User-requested motor unit: merged original GSwirl internals and housing/pulley. Belt-driven accessory; exact OEM function unverified.
asdasdasdasdasdasd-1_2,908_Motor_Unit_GSwirl_01,9,Accessories_and_Motor,908,900_Chapter_09_Accessories_and_Motor,False,provisional,User-requested motor unit: merged original GSwirl internals and housing/pulley. Belt-driven accessory; exact OEM function unverified.
asdasdasdasdasdasd-1_20,908_Motor_Unit_GSwirl_01,9,Accessories_and_Motor,908,900_Chapter_09_Accessories_and_Motor,False,provisional,User-requested motor unit: merged original GSwirl internals and housing/pulley. Belt-driven accessory; exact OEM function unverified.
asdasdasdasdasdasd-1_21,908_Motor_Unit_GSwirl_01,9,Accessories_and_Motor,908,900_Chapter_09_Accessories_and_Motor,False,provisional,User-requested motor unit: merged original GSwirl internals and housing/pulley. Belt-driven accessory; exact OEM function unverified.
asdasdasdasdasdasd-1_22,908_Motor_Unit_GSwirl_01,9,Accessories_and_Motor,908,900_Chapter_09_Accessories_and_Motor,False,provisional,User-requested motor unit: merged original GSwirl internals and housing/pulley. Belt-driven accessory; exact OEM function unverified.
asdasdasdasdasdasd-1_23,908_Motor_Unit_GSwirl_01,9,Accessories_and_Motor,908,900_Chapter_09_Accessories_and_Motor,False,provisional,User-requested motor unit: merged original GSwirl internals and housing/pulley. Belt-driven accessory; exact OEM function unverified.
asdasdasdasdasdasd-1_24,908_Motor_Unit_GSwirl_01,9,Accessories_and_Motor,908,900_Chapter_09_Accessories_and_Motor,False,provisional,User-requested motor unit: merged original GSwirl internals and housing/pulley. Belt-driven accessory; exact OEM function unverified.
asdasdasdasdasdasd-1_25,908_Motor_Unit_GSwirl_01,9,Accessories_and_Motor,908,900_Chapter_09_Accessories_and_Motor,False,provisional,User-requested motor unit: merged original GSwirl internals and housing/pulley. Belt-driven accessory; exact OEM function unverified.
asdasdasdasdasdasd-1_26,908_Motor_Unit_GSwirl_01,9,Accessories_and_Motor,908,900_Chapter_09_Accessories_and_Motor,False,provisional,User-requested motor unit: merged original GSwirl internals and housing/pulley. Belt-driven accessory; exact OEM function unverified.
asdasdasdasdasdasd-1_27,908_Motor_Unit_GSwirl_01,9,Accessories_and_Motor,908,900_Chapter_09_Accessories_and_Motor,False,provisional,User-requested motor unit: merged original GSwirl internals and housing/pulley. Belt-driven accessory; exact OEM function unverified.
asdasdasdasdasdasd-1_28,908_Motor_Unit_GSwirl_01,9,Accessories_and_Motor,908,900_Chapter_09_Accessories_and_Motor,False,provisional,User-requested motor unit: merged original GSwirl internals and housing/pulley. Belt-driven accessory; exact OEM function unverified.
asdasdasdasdasdasd-1_29,908_Motor_Unit_GSwirl_01,9,Accessories_and_Motor,908,900_Chapter_09_Accessories_and_Motor,False,provisional,User-requested motor unit: merged original GSwirl internals and housing/pulley. Belt-driven accessory; exact OEM function unverified.
asdasdasdasdasdasd-1_3,908_Motor_Unit_GSwirl_01,9,Accessories_and_Motor,908,900_Chapter_09_Accessories_and_Motor,False,provisional,User-requested motor unit: merged original GSwirl internals and housing/pulley. Belt-driven accessory; exact OEM function unverified.
asdasdasdasdasdasd-1_30,908_Motor_Unit_GSwirl_01,9,Accessories_and_Motor,908,900_Chapter_09_Accessories_and_Motor,False,provisional,User-requested motor unit: merged original GSwirl internals and housing/pulley. Belt-driven accessory; exact OEM function unverified.
asdasdasdasdasdasd-1_31,908_Motor_Unit_GSwirl_01,9,Accessories_and_Motor,908,900_Chapter_09_Accessories_and_Motor,False,provisional,User-requested motor unit: merged original GSwirl internals and housing/pulley. Belt-driven accessory; exact OEM function unverified.
asdasdasdasdasdasd-1_32,908_Motor_Unit_GSwirl_01,9,Accessories_and_Motor,908,900_Chapter_09_Accessories_and_Motor,False,provisional,User-requested motor unit: merged original GSwirl internals and housing/pulley. Belt-driven accessory; exact OEM function unverified.
asdasdasdasdasdasd-1_33,908_Motor_Unit_GSwirl_01,9,Accessories_and_Motor,908,900_Chapter_09_Accessories_and_Motor,False,provisional,User-requested motor unit: merged original GSwirl internals and housing/pulley. Belt-driven accessory; exact OEM function unverified.
asdasdasdasdasdasd-1_34,908_Motor_Unit_GSwirl_01,9,Accessories_and_Motor,908,900_Chapter_09_Accessories_and_Motor,False,provisional,User-requested motor unit: merged original GSwirl internals and housing/pulley. Belt-driven accessory; exact OEM function unverified.
asdasdasdasdasdasd-1_35,908_Motor_Unit_GSwirl_01,9,Accessories_and_Motor,908,900_Chapter_09_Accessories_and_Motor,False,provisional,User-requested motor unit: merged original GSwirl internals and housing/pulley. Belt-driven accessory; exact OEM function unverified.
asdasdasdasdasdasd-1_36,908_Motor_Unit_GSwirl_01,9,Accessories_and_Motor,908,900_Chapter_09_Accessories_and_Motor,False,provisional,User-requested motor unit: merged original GSwirl internals and housing/pulley. Belt-driven accessory; exact OEM function unverified.
asdasdasdasdasdasd-1_37,908_Motor_Unit_GSwirl_01,9,Accessories_and_Motor,908,900_Chapter_09_Accessories_and_Motor,False,provisional,User-requested motor unit: merged original GSwirl internals and housing/pulley. Belt-driven accessory; exact OEM function unverified.
asdasdasdasdasdasd-1_38,908_Motor_Unit_GSwirl_01,9,Accessories_and_Motor,908,900_Chapter_09_Accessories_and_Motor,False,provisional,User-requested motor unit: merged original GSwirl internals and housing/pulley. Belt-driven accessory; exact OEM function unverified.
asdasdasdasdasdasd-1_39,908_Motor_Unit_GSwirl_01,9,Accessories_and_Motor,908,900_Chapter_09_Accessories_and_Motor,False,provisional,User-requested motor unit: merged original GSwirl internals and housing/pulley. Belt-driven accessory; exact OEM function unverified.
asdasdasdasdasdasd-1_4,908_Motor_Unit_GSwirl_01,9,Accessories_and_Motor,908,900_Chapter_09_Accessories_and_Motor,False,provisional,User-requested motor unit: merged original GSwirl internals and housing/pulley. Belt-driven accessory; exact OEM function unverified.
asdasdasdasdasdasd-1_40,908_Motor_Unit_GSwirl_01,9,Accessories_and_Motor,908,900_Chapter_09_Accessories_and_Motor,False,provisional,User-requested motor unit: merged original GSwirl internals and housing/pulley. Belt-driven accessory; exact OEM function unverified.
asdasdasdasdasdasd-1_41,908_Motor_Unit_GSwirl_01,9,Accessories_and_Motor,908,900_Chapter_09_Accessories_and_Motor,False,provisional,User-requested motor unit: merged original GSwirl internals and housing/pulley. Belt-driven accessory; exact OEM function unverified.
asdasdasdasdasdasd-1_42,908_Motor_Unit_GSwirl_01,9,Accessories_and_Motor,908,900_Chapter_09_Accessories_and_Motor,False,provisional,User-requested motor unit: merged original GSwirl internals and housing/pulley. Belt-driven accessory; exact OEM function unverified.
asdasdasdasdasdasd-1_43,908_Motor_Unit_GSwirl_01,9,Accessories_and_Motor,908,900_Chapter_09_Accessories_and_Motor,False,provisional,User-requested motor unit: merged original GSwirl internals and housing/pulley. Belt-driven accessory; exact OEM function unverified.
asdasdasdasdasdasd-1_44,908_Motor_Unit_GSwirl_01,9,Accessories_and_Motor,908,900_Chapter_09_Accessories_and_Motor,False,provisional,User-requested motor unit: merged original GSwirl internals and housing/pulley. Belt-driven accessory; exact OEM function unverified.
asdasdasdasdasdasd-1_45,908_Motor_Unit_GSwirl_01,9,Accessories_and_Motor,908,900_Chapter_09_Accessories_and_Motor,False,provisional,User-requested motor unit: merged original GSwirl internals and housing/pulley. Belt-driven accessory; exact OEM function unverified.
asdasdasdasdasdasd-1_46,908_Motor_Unit_GSwirl_01,9,Accessories_and_Motor,908,900_Chapter_09_Accessories_and_Motor,False,provisional,User-requested motor unit: merged original GSwirl internals and housing/pulley. Belt-driven accessory; exact OEM function unverified.
asdasdasdasdasdasd-1_47,908_Motor_Unit_GSwirl_01,9,Accessories_and_Motor,908,900_Chapter_09_Accessories_and_Motor,False,provisional,User-requested motor unit: merged original GSwirl internals and housing/pulley. Belt-driven accessory; exact OEM function unverified.
asdasdasdasdasdasd-1_48,908_Motor_Unit_GSwirl_01,9,Accessories_and_Motor,908,900_Chapter_09_Accessories_and_Motor,False,provisional,User-requested motor unit: merged original GSwirl internals and housing/pulley. Belt-driven accessory; exact OEM function unverified.
asdasdasdasdasdasd-1_49,908_Motor_Unit_GSwirl_01,9,Accessories_and_Motor,908,900_Chapter_09_Accessories_and_Motor,False,provisional,User-requested motor unit: merged original GSwirl internals and housing/pulley. Belt-driven accessory; exact OEM function unverified.
asdasdasdasdasdasd-1_5,908_Motor_Unit_GSwirl_01,9,Accessories_and_Motor,908,900_Chapter_09_Accessories_and_Motor,False,provisional,User-requested motor unit: merged original GSwirl internals and housing/pulley. Belt-driven accessory; exact OEM function unverified.
asdasdasdasdasdasd-1_50,908_Motor_Unit_GSwirl_01,9,Accessories_and_Motor,908,900_Chapter_09_Accessories_and_Motor,False,provisional,User-requested motor unit: merged original GSwirl internals and housing/pulley. Belt-driven accessory; exact OEM function unverified.
asdasdasdasdasdasd-1_51,908_Motor_Unit_GSwirl_01,9,Accessories_and_Motor,908,900_Chapter_09_Accessories_and_Motor,False,provisional,User-requested motor unit: merged original GSwirl internals and housing/pulley. Belt-driven accessory; exact OEM function unverified.
asdasdasdasdasdasd-1_52,908_Motor_Unit_GSwirl_01,9,Accessories_and_Motor,908,900_Chapter_09_Accessories_and_Motor,False,provisional,User-requested motor unit: merged original GSwirl internals and housing/pulley. Belt-driven accessory; exact OEM function unverified.
asdasdasdasdasdasd-1_53,908_Motor_Unit_GSwirl_01,9,Accessories_and_Motor,908,900_Chapter_09_Accessories_and_Motor,False,provisional,User-requested motor unit: merged original GSwirl internals and housing/pulley. Belt-driven accessory; exact OEM function unverified.
asdasdasdasdasdasd-1_54,908_Motor_Unit_GSwirl_01,9,Accessories_and_Motor,908,900_Chapter_09_Accessories_and_Motor,False,provisional,User-requested motor unit: merged original GSwirl internals and housing/pulley. Belt-driven accessory; exact OEM function unverified.
asdasdasdasdasdasd-1_55,908_Motor_Unit_GSwirl_01,9,Accessories_and_Motor,908,900_Chapter_09_Accessories_and_Motor,False,provisional,User-requested motor unit: merged original GSwirl internals and housing/pulley. Belt-driven accessory; exact OEM function unverified.
asdasdasdasdasdasd-1_56,908_Motor_Unit_GSwirl_01,9,Accessories_and_Motor,908,900_Chapter_09_Accessories_and_Motor,False,provisional,User-requested motor unit: merged original GSwirl internals and housing/pulley. Belt-driven accessory; exact OEM function unverified.
asdasdasdasdasdasd-1_57,908_Motor_Unit_GSwirl_01,9,Accessories_and_Motor,908,900_Chapter_09_Accessories_and_Motor,False,provisional,User-requested motor unit: merged original GSwirl internals and housing/pulley. Belt-driven accessory; exact OEM function unverified.
asdasdasdasdasdasd-1_58,908_Motor_Unit_GSwirl_01,9,Accessories_and_Motor,908,900_Chapter_09_Accessories_and_Motor,False,provisional,User-requested motor unit: merged original GSwirl internals and housing/pulley. Belt-driven accessory; exact OEM function unverified.
asdasdasdasdasdasd-1_59,908_Motor_Unit_GSwirl_01,9,Accessories_and_Motor,908,900_Chapter_09_Accessories_and_Motor,False,provisional,User-requested motor unit: merged original GSwirl internals and housing/pulley. Belt-driven accessory; exact OEM function unverified.
asdasdasdasdasdasd-1_6,908_Motor_Unit_GSwirl_01,9,Accessories_and_Motor,908,900_Chapter_09_Accessories_and_Motor,False,provisional,User-requested motor unit: merged original GSwirl internals and housing/pulley. Belt-driven accessory; exact OEM function unverified.
asdasdasdasdasdasd-1_60,908_Motor_Unit_GSwirl_01,9,Accessories_and_Motor,908,900_Chapter_09_Accessories_and_Motor,False,provisional,User-requested motor unit: merged original GSwirl internals and housing/pulley. Belt-driven accessory; exact OEM function unverified.
asdasdasdasdasdasd-1_61,908_Motor_Unit_GSwirl_01,9,Accessories_and_Motor,908,900_Chapter_09_Accessories_and_Motor,False,provisional,User-requested motor unit: merged original GSwirl internals and housing/pulley. Belt-driven accessory; exact OEM function unverified.
asdasdasdasdasdasd-1_62,908_Motor_Unit_GSwirl_01,9,Accessories_and_Motor,908,900_Chapter_09_Accessories_and_Motor,False,provisional,User-requested motor unit: merged original GSwirl internals and housing/pulley. Belt-driven accessory; exact OEM function unverified.
asdasdasdasdasdasd-1_63,908_Motor_Unit_GSwirl_01,9,Accessories_and_Motor,908,900_Chapter_09_Accessories_and_Motor,False,provisional,User-requested motor unit: merged original GSwirl internals and housing/pulley. Belt-driven accessory; exact OEM function unverified.
asdasdasdasdasdasd-1_64,908_Motor_Unit_GSwirl_01,9,Accessories_and_Motor,908,900_Chapter_09_Accessories_and_Motor,False,provisional,User-requested motor unit: merged original GSwirl internals and housing/pulley. Belt-driven accessory; exact OEM function unverified.
asdasdasdasdasdasd-1_65,908_Motor_Unit_GSwirl_01,9,Accessories_and_Motor,908,900_Chapter_09_Accessories_and_Motor,False,provisional,User-requested motor unit: merged original GSwirl internals and housing/pulley. Belt-driven accessory; exact OEM function unverified.
asdasdasdasdasdasd-1_66,908_Motor_Unit_GSwirl_01,9,Accessories_and_Motor,908,900_Chapter_09_Accessories_and_Motor,False,provisional,User-requested motor unit: merged original GSwirl internals and housing/pulley. Belt-driven accessory; exact OEM function unverified.
asdasdasdasdasdasd-1_67,908_Motor_Unit_GSwirl_01,9,Accessories_and_Motor,908,900_Chapter_09_Accessories_and_Motor,False,provisional,User-requested motor unit: merged original GSwirl internals and housing/pulley. Belt-driven accessory; exact OEM function unverified.
asdasdasdasdasdasd-1_68,908_Motor_Unit_GSwirl_01,9,Accessories_and_Motor,908,900_Chapter_09_Accessories_and_Motor,False,provisional,User-requested motor unit: merged original GSwirl internals and housing/pulley. Belt-driven accessory; exact OEM function unverified.
asdasdasdasdasdasd-1_69,908_Motor_Unit_GSwirl_01,9,Accessories_and_Motor,908,900_Chapter_09_Accessories_and_Motor,False,provisional,User-requested motor unit: merged original GSwirl internals and housing/pulley. Belt-driven accessory; exact OEM function unverified.
asdasdasdasdasdasd-1_7,908_Motor_Unit_GSwirl_01,9,Accessories_and_Motor,908,900_Chapter_09_Accessories_and_Motor,False,provisional,User-requested motor unit: merged original GSwirl internals and housing/pulley. Belt-driven accessory; exact OEM function unverified.
asdasdasdasdasdasd-1_70,908_Motor_Unit_GSwirl_01,9,Accessories_and_Motor,908,900_Chapter_09_Accessories_and_Motor,False,provisional,User-requested motor unit: merged original GSwirl internals and housing/pulley. Belt-driven accessory; exact OEM function unverified.
asdasdasdasdasdasd-1_71,908_Motor_Unit_GSwirl_01,9,Accessories_and_Motor,908,900_Chapter_09_Accessories_and_Motor,False,provisional,User-requested motor unit: merged original GSwirl internals and housing/pulley. Belt-driven accessory; exact OEM function unverified.
asdasdasdasdasdasd-1_72,908_Motor_Unit_GSwirl_01,9,Accessories_and_Motor,908,900_Chapter_09_Accessories_and_Motor,False,provisional,User-requested motor unit: merged original GSwirl internals and housing/pulley. Belt-driven accessory; exact OEM function unverified.
asdasdasdasdasdasd-1_73,908_Motor_Unit_GSwirl_01,9,Accessories_and_Motor,908,900_Chapter_09_Accessories_and_Motor,False,provisional,User-requested motor unit: merged original GSwirl internals and housing/pulley. Belt-driven accessory; exact OEM function unverified.
asdasdasdasdasdasd-1_74,908_Motor_Unit_GSwirl_01,9,Accessories_and_Motor,908,900_Chapter_09_Accessories_and_Motor,False,provisional,User-requested motor unit: merged original GSwirl internals and housing/pulley. Belt-driven accessory; exact OEM function unverified.
asdasdasdasdasdasd-1_75,908_Motor_Unit_GSwirl_01,9,Accessories_and_Motor,908,900_Chapter_09_Accessories_and_Motor,False,provisional,User-requested motor unit: merged original GSwirl internals and housing/pulley. Belt-driven accessory; exact OEM function unverified.
asdasdasdasdasdasd-1_76,908_Motor_Unit_GSwirl_01,9,Accessories_and_Motor,908,900_Chapter_09_Accessories_and_Motor,False,provisional,User-requested motor unit: merged original GSwirl internals and housing/pulley. Belt-driven accessory; exact OEM function unverified.
asdasdasdasdasdasd-1_77,908_Motor_Unit_GSwirl_01,9,Accessories_and_Motor,908,900_Chapter_09_Accessories_and_Motor,False,provisional,User-requested motor unit: merged original GSwirl internals and housing/pulley. Belt-driven accessory; exact OEM function unverified.
asdasdasdasdasdasd-1_78,908_Motor_Unit_GSwirl_01,9,Accessories_and_Motor,908,900_Chapter_09_Accessories_and_Motor,False,provisional,User-requested motor unit: merged original GSwirl internals and housing/pulley. Belt-driven accessory; exact OEM function unverified.
asdasdasdasdasdasd-1_79,908_Motor_Unit_GSwirl_01,9,Accessories_and_Motor,908,900_Chapter_09_Accessories_and_Motor,False,provisional,User-requested motor unit: merged original GSwirl internals and housing/pulley. Belt-driven accessory; exact OEM function unverified.
asdasdasdasdasdasd-1_8,908_Motor_Unit_GSwirl_01,9,Accessories_and_Motor,908,900_Chapter_09_Accessories_and_Motor,False,provisional,User-requested motor unit: merged original GSwirl internals and housing/pulley. Belt-driven accessory; exact OEM function unverified.
asdasdasdasdasdasd-1_80,908_Motor_Unit_GSwirl_01,9,Accessories_and_Motor,908,900_Chapter_09_Accessories_and_Motor,False,provisional,User-requested motor unit: merged original GSwirl internals and housing/pulley. Belt-driven accessory; exact OEM function unverified.
asdasdasdasdasdasd-1_81,908_Motor_Unit_GSwirl_01,9,Accessories_and_Motor,908,900_Chapter_09_Accessories_and_Motor,False,provisional,User-requested motor unit: merged original GSwirl internals and housing/pulley. Belt-driven accessory; exact OEM function unverified.
asdasdasdasdasdasd-1_82,908_Motor_Unit_GSwirl_01,9,Accessories_and_Motor,908,900_Chapter_09_Accessories_and_Motor,False,provisional,User-requested motor unit: merged original GSwirl internals and housing/pulley. Belt-driven accessory; exact OEM function unverified.
asdasdasdasdasdasd-1_83,908_Motor_Unit_GSwirl_01,9,Accessories_and_Motor,908,900_Chapter_09_Accessories_and_Motor,False,provisional,User-requested motor unit: merged original GSwirl internals and housing/pulley. Belt-driven accessory; exact OEM function unverified.
asdasdasdasdasdasd-1_84,908_Motor_Unit_GSwirl_01,9,Accessories_and_Motor,908,900_Chapter_09_Accessories_and_Motor,False,provisional,User-requested motor unit: merged original GSwirl internals and housing/pulley. Belt-driven accessory; exact OEM function unverified.
asdasdasdasdasdasd-1_85,908_Motor_Unit_GSwirl_01,9,Accessories_and_Motor,908,900_Chapter_09_Accessories_and_Motor,False,provisional,User-requested motor unit: merged original GSwirl internals and housing/pulley. Belt-driven accessory; exact OEM function unverified.
asdasdasdasdasdasd-1_86,908_Motor_Unit_GSwirl_01,9,Accessories_and_Motor,908,900_Chapter_09_Accessories_and_Motor,False,provisional,User-requested motor unit: merged original GSwirl internals and housing/pulley. Belt-driven accessory; exact OEM function unverified.
asdasdasdasdasdasd-1_87,908_Motor_Unit_GSwirl_01,9,Accessories_and_Motor,908,900_Chapter_09_Accessories_and_Motor,False,provisional,User-requested motor unit: merged original GSwirl internals and housing/pulley. Belt-driven accessory; exact OEM function unverified.
asdasdasdasdasdasd-1_88,908_Motor_Unit_GSwirl_01,9,Accessories_and_Motor,908,900_Chapter_09_Accessories_and_Motor,False,provisional,User-requested motor unit: merged original GSwirl internals and housing/pulley. Belt-driven accessory; exact OEM function unverified.
asdasdasdasdasdasd-1_89,908_Motor_Unit_GSwirl_01,9,Accessories_and_Motor,908,900_Chapter_09_Accessories_and_Motor,False,provisional,User-requested motor unit: merged original GSwirl internals and housing/pulley. Belt-driven accessory; exact OEM function unverified.
asdasdasdasdasdasd-1_9,908_Motor_Unit_GSwirl_01,9,Accessories_and_Motor,908,900_Chapter_09_Accessories_and_Motor,False,provisional,User-requested motor unit: merged original GSwirl internals and housing/pulley. Belt-driven accessory; exact OEM function unverified.
asdasdasdasdasdasd-1_90,908_Motor_Unit_GSwirl_01,9,Accessories_and_Motor,908,900_Chapter_09_Accessories_and_Motor,False,provisional,User-requested motor unit: merged original GSwirl internals and housing/pulley. Belt-driven accessory; exact OEM function unverified.
asdasdasdasdasdasd-1_91,908_Motor_Unit_GSwirl_01,9,Accessories_and_Motor,908,900_Chapter_09_Accessories_and_Motor,False,provisional,User-requested motor unit: merged original GSwirl internals and housing/pulley. Belt-driven accessory; exact OEM function unverified.
asdasdasdasdasdasd-1_92,908_Motor_Unit_GSwirl_01,9,Accessories_and_Motor,908,900_Chapter_09_Accessories_and_Motor,False,provisional,User-requested motor unit: merged original GSwirl internals and housing/pulley. Belt-driven accessory; exact OEM function unverified.
asdasdasdasdasdasd-1_93,908_Motor_Unit_GSwirl_01,9,Accessories_and_Motor,908,900_Chapter_09_Accessories_and_Motor,False,provisional,User-requested motor unit: merged original GSwirl internals and housing/pulley. Belt-driven accessory; exact OEM function unverified.
asdasdasdasdasdasd-1_94,908_Motor_Unit_GSwirl_01,9,Accessories_and_Motor,908,900_Chapter_09_Accessories_and_Motor,False,provisional,User-requested motor unit: merged original GSwirl internals and housing/pulley. Belt-driven accessory; exact OEM function unverified.
asdasdasdasdasdasd-1_95,908_Motor_Unit_GSwirl_01,9,Accessories_and_Motor,908,900_Chapter_09_Accessories_and_Motor,False,provisional,User-requested motor unit: merged original GSwirl internals and housing/pulley. Belt-driven accessory; exact OEM function unverified.
asdasdasdasdasdasd-1_96,908_Motor_Unit_GSwirl_01,9,Accessories_and_Motor,908,900_Chapter_09_Accessories_and_Motor,False,provisional,User-requested motor unit: merged original GSwirl internals and housing/pulley. Belt-driven accessory; exact OEM function unverified.
asdasdasdasdasdasd-1_97,908_Motor_Unit_GSwirl_01,9,Accessories_and_Motor,908,900_Chapter_09_Accessories_and_Motor,False,provisional,User-requested motor unit: merged original GSwirl internals and housing/pulley. Belt-driven accessory; exact OEM function unverified.
asdasdasdasdasdasd-1_98,908_Motor_Unit_GSwirl_01,9,Accessories_and_Motor,908,900_Chapter_09_Accessories_and_Motor,False,provisional,User-requested motor unit: merged original GSwirl internals and housing/pulley. Belt-driven accessory; exact OEM function unverified.
asdasdasdasdasdasd-1_99,908_Motor_Unit_GSwirl_01,9,Accessories_and_Motor,908,900_Chapter_09_Accessories_and_Motor,False,provisional,User-requested motor unit: merged original GSwirl internals and housing/pulley. Belt-driven accessory; exact OEM function unverified.
GSwirl_Wires,909_Motor_Wiring_01,9,Accessories_and_Motor,909,900_Chapter_09_Accessories_and_Motor,False,provisional,Original GSwirl_Wires object; disconnected source routing retained.
Part55,910_Accessory_Drive_Belt_01,9,Accessories_and_Motor,910,900_Chapter_09_Accessories_and_Motor,False,geometry_supported,"Identified from CAD name, shape, and installed location."
07160-06x90,990_Bolt_07160_06x90_Fasteners_01,9,Accessories_and_Motor,990,900_Fasteners,True,geometry_supported,"Identified from CAD name, shape, and installed location."
07160-06x90.001,990_Bolt_07160_06x90_Fasteners_02,9,Accessories_and_Motor,990,900_Fasteners,True,geometry_supported,"Identified from CAD name, shape, and installed location."
07210-06,990_Nut_07210_06_Fasteners_01,9,Accessories_and_Motor,990,900_Fasteners,True,geometry_supported,"Identified from CAD name, shape, and installed location."
07210-06.001,990_Nut_07210_06_Fasteners_02,9,Accessories_and_Motor,990,900_Fasteners,True,geometry_supported,"Identified from CAD name, shape, and installed location."
